Country Name,Country Code,Series Name,Series Code,1970 [YR1970],1971 [YR1971],1972 [YR1972],1973 [YR1973],1974 [YR1974],1975 [YR1975],1976 [YR1976],1977 [YR1977],1978 [YR1978],1979 [YR1979],1980 [YR1980],1981 [YR1981],1982 [YR1982],1983 [YR1983],1984 [YR1984],1985 [YR1985],1986 [YR1986],1987 [YR1987],1988 [YR1988],1989 [YR1989],1990 [YR1990],1991 [YR1991],1992 [YR1992],1993 [YR1993],1994 [YR1994],1995 [YR1995],1996 [YR1996],1997 [YR1997],1998 [YR1998],1999 [YR1999],2000 [YR2000],2001 [YR2001],2002 [YR2002],2003 [YR2003],2004 [YR2004],2005 [YR2005],2006 [YR2006],2007 [YR2007],2008 [YR2008],2009 [YR2009],2010 [YR2010],2011 [YR2011],2012 [YR2012],2013 [YR2013],2014 [YR2014],2015 [YR2015],2016 [YR2016],2017 [YR2017],2018 [YR2018],2019 [YR2019],2020 [YR2020],2021 [YR2021],2022 [YR2022],2023 [YR2023]
Bolivia,BOL,Urban population growth (annual %),SP.URB.GROW,3.01460574510188,3.01395129810384,3.00918913390026,3.00673701529742,3.01481477532367,3.0183027959114,3.03659556196648,4.26244937898914,4.61580044917047,4.55434956646749,4.49138337720986,4.4123812685282,4.3404499645295,4.2664486327175,4.21466404552792,4.14524778051736,4.09312625568626,4.05783747241101,4.03062820255431,3.98153434832813,3.92959673463091,3.87079286471436,3.7260381241291,2.91423208518185,2.85418204205092,2.79756198135254,2.74565617682723,2.68982919142176,2.63703528938741,2.60648545364961,2.56718433488277,2.52335557594078,2.4351398313354,2.41301341479296,2.41208808999582,2.40351445402019,2.41582944227561,2.41053749777898,2.38175912431144,2.34806326378482,2.31805577324424,2.28891878822834,2.25692602498467,2.1425856240932,2.05728176023563,2.02403992475687,1.99287601481525,1.95755921923706,1.9315390070026,1.90659063320954,1.73433486670306,1.52003097648254,1.6667227345521,1.87469862115431
Bolivia,BOL,Population growth (annual %),SP.POP.GROW,2.24233424303461,2.24757510243244,2.24616934159906,2.2495027014778,2.26081659193568,2.26513309406479,2.28904740364258,2.3068698498868,2.2964104195355,2.2762782306985,2.24862541760114,2.2188409235426,2.18347074157265,2.15296237086898,2.136816387136,2.11563158338423,2.10197470135512,2.10935395144755,2.11937999087102,2.11711026191502,2.10292567074217,2.08394091464415,2.04005205570035,1.98359137070415,1.93553666553041,1.88896808659587,1.85028162992902,1.80569805808475,1.76561111828867,1.74582928419343,1.71712723342906,1.68688229604066,1.67248263752338,1.67509392038728,1.68272509947837,1.68564890189224,1.70464062326774,1.71051652675101,1.68811436886035,1.66527120616965,1.64440681785103,1.62276978666345,1.59965176170266,1.57374447646261,1.54455877769864,1.51686119793977,1.48970583998181,1.46124572329841,1.43337090655267,1.40657823805422,1.23396442673807,1.01931284088344,1.16425907336882,1.37334382280772
Bolivia,BOL,Population in urban agglomerations of more than 1 million (% of total population),EN.URB.MCTY.TL.ZS,21.0469476101359,21.4019344990203,21.7685021676833,22.1423567268136,22.5256671262674,22.9191836791896,23.3200025263978,23.719755069838,24.1338901765095,24.5661355863032,25.0205594818455,25.4944159491613,25.9943523590881,26.5187849850221,27.0665668237537,27.6352692448862,28.2286139337493,28.8399324463454,29.4708454733723,30.1204451710355,30.798517056182,31.5060157639346,32.2340604785571,32.751275036465,33.2979782646562,33.8732031641683,34.4771505818691,35.1078245326216,35.7700477085532,36.4559423703097,37.1716223624343,37.9131736636407,38.1493210102294,38.2705978543096,38.3919688727655,38.5120792619911,38.6279051962315,38.7433873358965,38.8706141130042,39.0066067475184,39.1539571680197,39.3120099674082,39.4825428043706,39.6635166244048,39.8585919589178,40.0673644913777,40.2898384797165,40.5267375533371,40.7780755707499,40.9798459240402,41.251427371633,41.6096021230825,41.9053859874603,42.1097357523698
Bolivia,BOL,"Population, total",SP.POP.TOTL,4590010,4694342,4800978,4910200,5022475,5137539,5256496,5379166,5504123,5630849,5758900,5888109,6018088,6149060,6281868,6416185,6552479,6692162,6835508,6981766,7130142,7280289,7430336,7579195,7727322,7874676,8021736,8167900,8313394,8459806,8606326,8752736,8900355,9050700,9204287,9360754,9521689,9685960,9850858,10016275,10182345,10348929,10515807,10682608,10848888,11014705,11180020,11344587,11508368,11671386,11816299,11937360,12077154,12244159
Bolivia,BOL,Urban population,SP.URB.TOTL,1825722,1881586,1939067,1998255,2059416,2122523,2187964,2283241,2391101,2502518,2617478,2735557,2856907,2981433,3109776,3241393,3376820,3516664,3661303,3810020,3962719,4119115,4275490,4401921,4529370,4657871,4787532,4918056,5049472,5182816,5317591,5453480,5587910,5724387,5864143,6006796,6153677,6303816,6455760,6609139,6764132,6920743,7078715,7232019,7382343,7533287,7684922,7836841,7989684,8143476,8285943,8412854,8554248,8716127
Bolivia,BOL,Urban population (% of total population),SP.URB.TOTL.IN.ZS,39.776,40.082,40.389,40.696,41.004,41.314,41.624,42.446,43.442,44.443,45.451,46.459,47.472,48.486,49.504,50.519,51.535,52.549,53.563,54.571,55.577,56.579,57.541,58.079,58.615,59.15,59.682,60.212,60.739,61.264,61.787,62.306,62.783,63.248,63.711,64.17,64.628,65.082,65.535,65.984,66.43,66.874,67.315,67.699,68.047,68.393,68.738,69.08,69.425,69.773,70.123,70.475,70.83,71.186
Ecuador,ECU,Urban population growth (annual %),SP.URB.GROW,4.33929262189935,4.30882629538144,4.28195345883907,4.2425144534794,4.25411666304135,5.00711512867437,4.93956599917884,4.86606244331924,4.80385974529421,4.73774312810087,4.68716593312132,4.62555229446071,4.56370570301868,4.33194400460026,4.17508259295721,4.10012782245348,3.99855609035197,3.8959714907764,3.80154894851664,3.71317359546183,3.64948118005845,3.27749738009255,3.02944524064835,2.9399827624109,2.83669149591974,2.79182483657983,2.76471986158495,2.71494039116971,2.66962498979382,2.62481590241785,2.57388517478485,2.55657003989778,2.27182140180613,2.08755518307904,2.0747464654801,2.04962736882284,2.03535490048348,2.02560503836643,2.02030421962962,2.01828180207281,1.98862570227363,1.8980287476614,1.80987684182138,1.71467450542176,1.64727018378555,1.64725437513727,1.67238256437693,1.74329316011817,1.95259752680785,1.94756182037886,1.46216710714256,1.07775112371937,1.12092773423516,1.21567856360529
Ecuador,ECU,Population growth (annual %),SP.POP.GROW,2.9704038425124,2.95593369376174,2.93720294183039,2.91316388175144,2.88188959476796,2.84525146887899,2.80728611959131,2.77375986218427,2.74338363033623,2.71233090931431,2.69344759350732,2.67080267217831,2.64029049617276,2.62589854693154,2.61653103411211,2.57136785226468,2.49089727253855,2.41448752025665,2.33984250758108,2.28171532830541,2.23823125724436,2.16013714348183,2.10568663668025,2.02997298367132,1.93487740447413,1.90154880558548,1.88400623342994,1.84701407802257,1.81253773221791,1.77669252856716,1.73622001498213,1.73078123060297,1.74851970226664,1.76411317879339,1.75235156486952,1.72987869573938,1.7182541754606,1.70789173160639,1.70519778784789,1.7057702083506,1.67708805313164,1.6415369766541,1.59213440589397,1.49740896116979,1.43205886583809,1.43093059839379,1.45809147770557,1.52946083980042,1.71572391035149,1.68935479627168,1.18125258230486,0.774314023514489,0.796723652034201,0.872456027022398
Ecuador,ECU,Population in urban agglomerations of more than 1 million (% of total population),EN.URB.MCTY.TL.ZS,19.826714388551,20.103084328015,20.3884219319428,20.6803507212773,20.9862062595856,21.3325155294468,21.6941413856634,22.0665994492494,22.4536905679518,22.8547105254848,23.2687315765349,23.6927545424954,24.1333652603824,24.3727643164344,24.4688853131679,24.5744405043671,24.7013355753898,24.8478775043996,25.014983805503,25.1957751391057,25.3899467741641,25.5337784679669,25.6448597857225,25.7743444351466,25.9302665966831,26.096038536341,26.2686405411927,26.4505311929631,26.6440370171569,26.8488095586528,27.0672806478199,27.2873437153873,27.3533406320004,27.3129107275888,27.2763506230315,27.2447753215096,27.2170122512704,27.1920980254206,27.1685634271141,27.1436900451735,27.1272317971545,27.1502634014229,27.2084974024855,27.2913776620269,27.3931277363368,27.495617452728,27.5917094669727,27.6670529744917,27.6910172452089,27.6464832424367,27.7440041399596,27.9571602448393,28.1680880449433,28.3617211333229
Ecuador,ECU,"Population, total",SP.POP.TOTL,6155387,6340052,6529034,6722033,6918573,7118251,7320912,7526819,7736167,7948869,8165877,8386910,8611298,8840417,9074782,9311154,9545998,9779290,10010808,10241852,10473673,10702380,10930128,11154274,11372197,11590514,11810950,12031127,12251184,12470795,12689206,12910740,13138472,13372306,13608701,13846163,14086131,14328773,14575202,14825954,15076695,15326227,15572194,15807128,16035124,16266225,16505139,16759519,17049547,17340021,17546065,17682454,17823897,17980083
Ecuador,ECU,Urban population,SP.URB.TOTL,2417713,2524165,2634596,2748774,2868233,3015505,3168198,3326177,3489862,3659182,3834777,4016323,4203863,4389974,4577139,4768708,4963251,5160434,5360387,5563169,5769946,5962189,6145574,6328935,6511038,6695376,6883067,7072498,7263850,7457037,7651464,7849601,8029971,8199363,8371256,8544606,8720301,8898741,9080351,9265480,9451580,9632687,9808614,9978250,10143980,10312461,10486375,10670786,10881191,11095186,11258608,11380604,11508890,11649655
Ecuador,ECU,Urban population (% of total population),SP.URB.TOTL.IN.ZS,39.278,39.813,40.352,40.892,41.457,42.363,43.276,44.191,45.111,46.034,46.961,47.888,48.818,49.658,50.438,51.215,51.993,52.769,53.546,54.318,55.09,55.709,56.226,56.74,57.254,57.766,58.277,58.785,59.291,59.796,60.299,60.799,61.118,61.316,61.514,61.711,61.907,62.104,62.3,62.495,62.69,62.851,62.988,63.125,63.261,63.398,63.534,63.67,63.821,63.986,64.166,64.361,64.57,64.792
Guyana,GUY,Urban population growth (annual %),SP.URB.GROW,1.98256481975149,1.77312244585651,1.61374400529735,1.54116849676524,1.44111638569101,1.35351290306255,1.27931997027167,1.2120828010688,1.13930174369332,1.07608259128464,0.83024384558881,-0.0330438469433336,-0.266443939263848,-0.403561075397637,-0.531192708911168,-0.643163732361121,-0.739027383997298,-0.820340549611344,-0.887258661217665,-0.936266112484978,-0.964496342573246,-0.575940544305764,-0.0285668295709509,0.103346064370429,0.0747233572421336,0.0339467130394948,-0.0244404717322377,-0.0810583823197395,-0.128741569117468,-0.191605732327114,-0.260299491219169,-0.353762918951238,-0.416071570579607,-0.814686298257621,-0.95168820694166,-1.06375484487658,-1.1224731249993,-1.14777844472123,-1.17283869884289,-1.20803405074123,-1.25637487951022,-1.29774026415845,0.0182739262038779,0.499208683817766,0.612244755361244,0.703765056090793,0.781471189132794,0.854878624953705,3.21444185055872,2.32646668363568,0.339933174393244,1.39936907250899,1.21579427773376,1.08898063007985
Guyana,GUY,Population growth (annual %),SP.POP.GROW,1.7922439801841,1.40700811347561,1.24872725096493,1.17390301430852,1.07875000179906,0.989053867971768,0.916110746807559,0.847310694281731,0.778870038619613,0.713652021962142,0.557489033128722,0.269019132852827,0.0333512540394173,-0.105757888722639,-0.229677223962606,-0.340841485569905,-0.438953013076828,-0.519248427816861,-0.584993100789264,-0.633598857360042,-0.660706210543192,-0.271473137937932,0.273740099309668,0.406421315369503,0.37871527455042,0.338922930937764,0.281517111831782,0.225772716999827,0.17577311579919,0.117403088869874,0.0456413500238234,-0.0464261972402426,-0.107975187978655,-0.0721793274906879,-0.0895433023955464,-0.197461943777183,-0.256336166889951,-0.277736358188614,-0.298385829541619,-0.333444259304938,-0.378060196527414,-0.41500411640408,0.0180911674723709,0.498962145496388,0.559482928582681,0.601716278706478,0.626279284065059,0.643724559372237,2.95873919098606,2.0146740033225,-0.0227843180487706,0.985982406099209,0.751934221097092,0.57233513230005
Guyana,GUY,Population in urban agglomerations of more than 1 million (% of total population),EN.URB.MCTY.TL.ZS,..,..,..,..,..,..,..,..,..,..,..,..,..,..,..,..,..,..,..,..,..,..,..,..,..,..,..,..,..,..,..,..,..,..,..,..,..,..,..,..,..,..,..,..,..,..,..,..,..,..,..,..,..,..
Guyana,GUY,"Population, total",SP.POP.TOTL,702705,712662,721617,730138,738057,745393,752253,758654,764586,770062,774367,776453,776712,775891,774111,771477,768098,764120,759663,754865,749894,747861,749911,752965,755822,758388,760526,762245,763586,764483,764832,764477,763652,763101,762418,760914,758966,756861,754606,752094,749256,746153,746288,750021,754229,758781,763548,768479,791556,807665,807481,815482,821637,826353
Guyana,GUY,Urban population,SP.URB.TOTL,206771,210470,213894,217216,220369,223372,226248,229007,231631,234137,236089,236011,235383,234435,233193,231698,229992,228113,226098,223991,221841,220567,220504,220732,220897,220972,220918,220739,220455,220033,219461,218686,217778,216011,213965,211701,209338,206949,204536,202080,199557,196984,197020,198006,199222,200629,202203,203939,210601,215558,216292,219340,222023,224454
Guyana,GUY,Urban population (% of total population),SP.URB.TOTL.IN.ZS,29.425,29.533,29.641,29.75,29.858,29.967,30.076,30.186,30.295,30.405,30.488,30.396,30.305,30.215,30.124,30.033,29.943,29.853,29.763,29.673,29.583,29.493,29.404,29.315,29.226,29.137,29.048,28.959,28.871,28.782,28.694,28.606,28.518,28.307,28.064,27.822,27.582,27.343,27.105,26.869,26.634,26.4,26.4,26.4,26.414,26.441,26.482,26.538,26.606,26.689,26.786,26.897,27.022,27.162
Brazil,BRA,Urban population growth (annual %),SP.URB.GROW,4.22154087595581,4.19446519232327,4.149836886917,4.09325198431431,4.03301527172036,3.97569250730828,3.94197112747791,3.90385758606225,3.86809800227282,3.82117615231472,3.77027735775023,3.6970411218953,3.61417500183012,3.53348415797127,3.45202088843328,3.35762718837467,3.25675973805619,3.14306639911222,3.0404734208939,2.93958686360947,2.8510094875306,2.7493431260959,2.67169147199125,2.59207132045709,2.50657981215872,2.45415181370405,2.40179383801153,2.43471578872819,2.41073267176553,2.3487388950208,2.23613458971741,1.74699418454315,1.64158540478857,1.57391729845956,1.51601534447988,1.47448610796235,1.4306793790017,1.37853480848858,1.31803948356507,1.24725616163025,1.18653249375701,1.16418033957726,1.1560321587722,1.14672146411561,1.13788841352877,1.11637082854403,1.07859816711026,1.03807935231539,0.984230272153901,0.946124107128195,0.865727194353952,0.705193508220296,0.632380457299841,0.661693384781811
Brazil,BRA,Population growth (annual %),SP.POP.GROW,2.47317174130758,2.44801384438618,2.43336258601704,2.42103657885576,2.39665879234277,2.37884287680594,2.38155616304412,2.38655749823333,2.38605063277526,2.37626195376506,2.35969066147983,2.328674853913,2.27914448988333,2.23365283811212,2.18625478508242,2.13058251317121,2.0601457180807,1.98157140954846,1.91028205578332,1.84389971585717,1.78613575086263,1.71576956519978,1.66724681782032,1.61992855794359,1.56329973533197,1.53901255207011,1.51410759163045,1.48650426533337,1.48772098102752,1.45652767159292,1.37521128317928,1.30335503159977,1.24142062598122,1.18021395482771,1.12991417032023,1.09590612526605,1.05833842529955,1.01236820635667,0.957984635895359,0.895632239477021,0.84088322514573,0.81381388423754,0.811598483382088,0.810511647523289,0.806314177734439,0.791721773592796,0.761972670496742,0.72824666001736,0.683439571425594,0.651994346081362,0.579350709708032,0.425360907216456,0.360180890872169,0.395928695574996
Brazil,BRA,Population in urban agglomerations of more than 1 million (% of total population),EN.URB.MCTY.TL.ZS,27.7298594795437,28.3137352576789,28.8644478564801,29.4331654310969,30.0296361179155,30.6513188377968,31.2948588469079,31.9545494509108,32.6387478745632,33.3495735766185,34.0926661272114,34.27643506822,34.3642064365639,34.4728333892583,34.6044271870141,34.7584497562808,34.9440989379727,35.1635042638903,35.4160183588603,35.6967277087048,36.0070976875698,36.3511546894651,36.5716649543897,36.7809168553068,37.0167631174421,37.2665556592045,37.5319666931602,37.8108818657565,38.0961352752818,38.3991386048073,38.7409341278292,38.8370730516229,38.9336378442899,39.0553760333807,39.1990567649371,39.3560817434579,39.5304587109309,39.7251961683632,39.9453279009018,40.1911691449776,40.4626290531159,40.7116620800477,40.961515640666,41.2127232106115,41.469023332254,41.7340205652712,42.0150592481141,42.3116254833914,42.6304296965064,42.834001297599,43.05981905316,43.3358385075804,43.6221258395756,43.8732652097644
Brazil,BRA,"Population, total",SP.POP.TOTL,95375651,97739273,100146797,102600976,105089675,107619565,110213349,112875292,115600942,118380821,121207461,124063109,126923155,129790077,132658864,135515595,138336370,141104944,143826357,146502972,149143223,151724256,154275079,156794577,159265006,161735073,164202549,166661659,169159655,171641543,174018282,176301203,178503484,180622688,182675143,184688101,186653106,188552320,190367302,192079951,193701929,195284734,196876111,198478299,200085127,201675532,203218114,204703445,206107261,207455459,208660842,209550294,210306415,211140729
Brazil,BRA,Urban population,SP.URB.TOTL,53323573,55607782,57963965,60385804,62870949,65420857,68051232,70760392,73551099,76416004,79352101,82340685,85371053,88441554,91547882,94673905,97807964,100930955,104046863,107150809,110249653,113322847,116391291,119447677,122479568,125522590,128573880,131742708,134957264,138164576,141288924,143778920,146158653,148477268,150745355,152984542,155188992,157343140,159430712,161431674,163358522,165271423,167193100,169121374,171056777,172977104,174852930,176677496,178424995,180121128,181687255,182973030,184133782,185356223
Brazil,BRA,Urban population (% of total population),SP.URB.TOTL.IN.ZS,55.909,56.894,57.879,58.855,59.826,60.789,61.745,62.689,63.625,64.551,65.468,66.37,67.262,68.142,69.01,69.862,70.703,71.529,72.342,73.139,73.922,74.69,75.444,76.181,76.903,77.61,78.302,79.048,79.781,80.496,81.192,81.553,81.88,82.203,82.521,82.834,83.143,83.448,83.749,84.044,84.335,84.631,84.923,85.209,85.492,85.77,86.042,86.309,86.569,86.824,87.073,87.317,87.555,87.788
Colombia,COL,Urban population growth (annual %),SP.URB.GROW,3.87697898575355,3.73267934059695,3.62392311865544,3.56827109041933,3.46052295918385,3.37987544916194,3.32774144714316,3.34103190730441,3.36291147129967,3.32775386236596,3.34950053786285,3.35096102728249,3.34013107505568,3.35836311412665,3.30164132111576,3.13112346454801,2.85537765232912,2.77020701255038,2.75230018884877,2.74529054989853,2.75051493598735,2.68028170399965,2.64493967914,2.6465229919714,2.61055756800303,2.53714949704,2.44074075448323,2.39558054337617,2.38974185125608,2.32758375817456,2.21701592738222,2.14092870107254,2.09833642693172,2.06008158135399,2.01116680950011,1.93309058888738,1.84889281508949,1.7798170862019,1.70722257970394,1.65977731300229,1.62069642655998,1.5460703024052,1.46904380562017,1.40509322999094,1.33946598466004,1.30344447945465,1.42089303576829,1.87252030218757,2.25098695080975,2.18891859903695,1.83132885907728,1.48254202183083,1.44682584119146,1.49075099146876
Colombia,COL,Population growth (annual %),SP.POP.GROW,2.52954072159871,2.40839282506595,2.32037558089265,2.29169264351744,2.25035190464204,2.21401806002691,2.17859623709254,2.21629162408511,2.25708717200333,2.24037196821274,2.28165878425913,2.30526967372708,2.31294499637689,2.34922447389747,2.31162341777435,2.16125651239525,2.06488135607345,2.05495671033332,2.04796088983437,2.05312510865196,2.06742882129527,2.00897406347511,1.98094862084333,1.99678655879278,1.97202887200902,1.9096370992151,1.82129460113512,1.78958066993845,1.79149449060697,1.73833578882204,1.63798274950516,1.57194688390217,1.53792282248162,1.5081090586904,1.46883725533231,1.4002642115634,1.32542990992624,1.26689099629201,1.20339154806457,1.16491370094378,1.13596836363633,1.07133727666266,1.00290782655336,0.948709328751527,0.892711563926366,0.864942376762699,0.990548549326914,1.45147726169193,1.83913784861099,1.78615507724394,1.43632167326968,1.09642825395961,1.06829295530618,1.12092864340999
Colombia,COL,Population in urban agglomerations of more than 1 million (% of total population),EN.URB.MCTY.TL.ZS,27.7938621498149,28.5629324995769,29.3825866265058,30.231542817603,30.627965465957,30.8139331659973,31.0135375569863,31.2005570009774,31.3774559437814,31.5609618984069,31.733998485625,31.8982998223317,32.0625754366644,32.2163436677342,32.3846258853481,32.6005766615064,32.7936753943691,32.968405644597,33.1485393564207,33.3265295159323,33.5028479748301,33.700772352187,33.9115621000605,34.1168044700063,34.330954089698,34.5671465911339,34.8374210444112,35.1188994715654,35.4037007406165,35.7102559434421,36.0573901199219,36.4298082396998,36.8203963428848,37.2267467016554,37.6541959206725,38.0990832034682,38.4869964885408,38.902582408562,39.3498767151061,39.8160434487699,40.3016893441075,40.8206375776868,41.3769328378957,41.9618598572911,42.5813214348353,43.2229868720292,43.8217480714419,44.2226953653521,44.4557304194957,44.310228112796,44.2970439046244,44.4037004407249,44.4897675098956,44.5183145050017
Colombia,COL,"Population, total",SP.POP.TOTL,20811782,21319096,21819563,22325374,22833469,23344644,23858810,24393494,24950337,25515626,26104498,26713267,27338331,27988173,28642690,29268470,29879112,30499467,31130524,31776279,32440069,33098372,33760571,34441473,35127410,35804662,36462745,37121149,37792165,38454863,39089934,39709262,40324680,40937429,41543171,42128977,42691084,43235374,43758808,44271541,44777319,45259614,45715810,46151584,46565429,46969940,47437512,48131078,49024465,49907985,50629997,51188173,51737944,52321152
Colombia,COL,Urban population,SP.URB.TOTL,11786753,12235029,12686549,13147413,13610346,14078221,14554590,15049078,15563771,16090409,16638485,17205481,17789872,18397466,19015023,19619826,20188121,20755192,21334371,21928175,22539684,23151980,23772506,24410050,25055679,25699512,26334488,26972969,27625317,28275861,28909742,29535352,30161651,30789450,31414946,32028133,32625807,33211685,33783550,34348961,34910189,35454119,35978800,36487904,36979935,37465103,38001242,38719527,39600982,40477372,41225475,41841213,42450983,43088562
Colombia,COL,Urban population (% of total population),SP.URB.TOTL.IN.ZS,56.635,57.39,58.143,58.89,59.607,60.306,61.003,61.693,62.379,63.061,63.738,64.408,65.073,65.733,66.387,67.034,67.566,68.051,68.532,69.008,69.481,69.949,70.415,70.874,71.328,71.777,72.223,72.662,73.098,73.53,73.957,74.379,74.797,75.211,75.62,76.024,76.423,76.816,77.204,77.587,77.964,78.335,78.701,79.061,79.415,79.764,80.108,80.446,80.778,81.104,81.425,81.74,82.05,82.354
Chile,CHL,Urban population growth (annual %),SP.URB.GROW,2.59880148372719,2.52384777137444,2.48114763441516,2.43642910557345,2.38645596423551,2.34398005597264,2.30740904518484,2.26695826996855,2.22269116637024,2.1795400167165,2.15414096920918,2.12414930779064,2.00411194291795,1.63527044468023,1.66007233581499,1.68445358474309,1.70855942165819,1.74284227403375,1.77848673619249,1.80006471115251,1.82105796800919,1.8152942860056,1.81129660309087,1.95226317262642,1.89495944477464,1.84554350670834,1.78563831477159,1.7032879683961,1.65730060914394,1.60954623107008,1.53934443297001,1.49205316910547,1.3847671024188,1.11461080144236,1.07859206336707,1.05933678160231,1.04439619071467,1.04557077117012,1.06701110024424,1.07554350726426,1.07003432693192,1.05318961397029,1.02496382475055,1.01909469727517,1.06213025545369,1.08683499963074,1.28036258815826,1.66170366915463,1.86993021866357,1.6892969407597,0.992286211575784,0.544039359617466,0.603909578780234,0.653315033293009
Chile,CHL,Population growth (annual %),SP.POP.GROW,1.69076199798083,1.65560696757742,1.63473618851234,1.61527935023774,1.58742256234927,1.56530614688584,1.54994708992363,1.53152381178279,1.5075980994135,1.4843954331358,1.4773427813477,1.46778880891447,1.45778010136388,1.47365211989337,1.49871557098637,1.52456675319995,1.55013144694725,1.58587580343349,1.62297053532028,1.64478776264933,1.66722675551771,1.66290007957355,1.61244609996212,1.55575470326431,1.50594720365816,1.46395387384967,1.41256567140629,1.33747554386278,1.29984189219994,1.25802753178631,1.19601925947085,1.15569441781061,1.10379186272101,1.04651515030085,1.00938163923532,0.992481122862039,0.976434392610197,0.978803488234499,0.999137869915681,1.00886800592722,1.00455362363927,0.986604121119825,0.959562935237505,0.95374468290385,0.996818460180589,1.0215666887643,1.2094154366484,1.58394825779579,1.78538584857741,1.59911795256016,0.896491953505063,0.441498091207504,0.495789591494285,0.53962870957127
Chile,CHL,Population in urban agglomerations of more than 1 million (% of total population),EN.URB.MCTY.TL.ZS,26.8823618555126,27.3569210508885,27.846964788468,28.3486496894403,28.8687590884174,29.4049163763233,29.9570382712118,30.5222861366193,31.107105313445,31.7104857158151,32.3293551316195,32.9603756988032,33.5091501301158,33.6460798969711,33.7759844518225,33.8958622455623,34.0083584652338,34.1090292138872,34.1981921660529,34.2783373899594,34.3518533953861,34.4270089546628,34.5331010084067,34.7101843702392,34.9065565745681,35.1187870683642,35.3514710080313,35.6104035015323,35.885755753365,36.1783586509395,36.4970086047562,36.8312204485009,37.1018276350784,37.0081858365109,36.9288879284665,36.8551888098303,36.7879415077477,36.7199487559098,36.6450228481664,36.565898661184,36.4889161948016,36.4186319172587,36.3587118735822,36.3002081867332,36.2265861965792,36.1441685540341,35.9942598822229,35.7109711648361,35.3586167630444,35.0224276352471,34.9354930434869,35.0096528976117,35.0684108595719,35.1159771166501
Chile,CHL,"Population, total",SP.POP.TOTL,9845344,10009701,10174678,10340362,10505817,10671559,10838251,11005519,11172695,11339779,11508550,11678717,11850214,12026138,12207733,12395274,12588914,12790150,12999424,13215005,13437176,13662491,13884577,14102276,14316256,14527381,14734046,14932434,15127799,15319313,15503635,15683849,15857925,16024752,16187322,16348778,16509195,16671581,16838988,17009731,17181464,17351816,17519119,17687006,17864195,18047625,18267221,18558868,18893191,19197744,19370624,19456334,19553036,19658835
Chile,CHL,Urban population,SP.URB.TOTL,7406357,7595661,7786478,7978520,8171214,8365008,8560267,8756541,8953351,9150635,9349891,9550621,9743957,9904607,10070403,10241471,10417956,10601116,10791342,10987352,11189271,11394244,11602508,11831245,12057580,12282174,12503459,12718253,12930789,13140600,13344444,13545043,13733915,13887851,14038455,14187960,14336915,14487604,14643016,14801358,14960588,15118984,15274745,15431205,15595978,15766405,15969570,16237154,16543634,16825479,16993267,17085969,17189465,17302134
Chile,CHL,Urban population (% of total population),SP.URB.TOTL.IN.ZS,75.227,75.883,76.528,77.159,77.778,78.386,78.982,79.565,80.136,80.695,81.243,81.778,82.226,82.359,82.492,82.624,82.755,82.885,83.014,83.143,83.271,83.398,83.564,83.896,84.223,84.545,84.861,85.172,85.477,85.778,86.073,86.363,86.606,86.665,86.725,86.783,86.842,86.9,86.959,87.017,87.074,87.132,87.189,87.246,87.303,87.36,87.422,87.49,87.564,87.643,87.727,87.817,87.912,88.012
Argentina,ARG,Urban population growth (annual %),SP.URB.GROW,2.17804873293301,2.13178034489199,2.11389885719524,2.13583244105223,2.1536772064372,2.10583104423807,2.05434205309662,2.06056115824385,2.06744380514618,2.05477519448657,2.04164790802051,2.11464631680151,2.138111915751,2.11990558862775,2.09823776087833,2.06420545232535,2.03285673926369,2.00984473477246,2.00319252429655,1.97104654269675,1.91900296581223,1.83257439525112,1.62913368750272,1.59323841381344,1.57689051205178,1.54196414274921,1.48630893669086,1.43846759862136,1.3954627555021,1.37025067665949,1.34649834969086,1.3075037312868,1.27182887426113,1.22957514056398,1.20789714726708,1.21757237892238,1.21578638362705,1.1749673731084,1.19420812925512,1.23745944754417,1.23043013340485,1.21982256470313,1.17152900249421,1.13333150331615,1.17192081869787,1.18505436466263,1.10433531557669,1.01430816498057,0.9547647881172,0.842521815308169,0.615028911928924,0.393904283014769,0.338668250794531,0.412511398836538
Argentina,ARG,Population growth (annual %),SP.POP.GROW,1.56001941277121,1.57425828869798,1.58329622607322,1.61675611830692,1.64473215761616,1.60810835620248,1.56523230766791,1.58361041281169,1.59885003313826,1.59684779867466,1.59304228632554,1.60201232076144,1.60420679867482,1.6019042448548,1.59235691940308,1.57262930146869,1.55539122422629,1.54512926233209,1.54990330404865,1.53134817062707,1.49157462934909,1.43788006980649,1.38438120034139,1.35364018555542,1.3401375748685,1.3103115077878,1.25745217924583,1.21464795933597,1.17552563201514,1.15304317167294,1.13312807570195,1.09794672757946,1.06941318335345,1.0331399769648,1.01407652046238,1.02745772191722,1.02824760534561,0.991101935066697,1.01288878477428,1.05977470732485,1.05636332156278,1.06474009749784,1.0276613644946,0.992958989681133,1.0317435786984,1.04725888735726,0.968911125580978,0.881249595012674,0.822969480473088,0.710900853077743,0.484665636741261,0.265879395046274,0.210808731072658,0.286976121920089
Argentina,ARG,Population in urban agglomerations of more than 1 million (% of total population),EN.URB.MCTY.TL.ZS,44.038432843306,44.1593855319211,44.2141493977844,44.25233086075,44.2794178517864,44.3229828183056,44.3869012444619,44.4408795585167,44.4894246893299,44.5391554503726,44.5919218597898,44.5002397593392,44.3470502376171,44.1957206975172,44.0501893089239,43.9125868456356,43.7840378969479,43.6606605917557,43.5366280212049,43.4198152468282,43.3216140200204,43.2370294406664,43.108072360605,42.9915458849145,42.8818896077255,42.785373375892,42.7124075426131,42.6566572616381,42.6183973435138,42.5898585018346,42.5705643340955,42.5650910004233,42.6316869110749,42.7512399581077,42.8802427334189,43.0024854916092,43.1256887725453,43.2654760206366,43.3972090147701,43.5075303579153,43.6205780691441,43.5580098661272,43.4294961536319,43.3160323893961,43.1870591697378,43.0523077344874,42.95257758185,42.8903146689552,42.8536369214905,42.870875081562,42.9952979473232,43.2272919564566,43.4978368523683,43.7489867068455
Argentina,ARG,"Population, total",SP.POP.TOTL,23878327,24257208,24644328,25046005,25461351,25874107,26282283,26701805,27132158,27568895,28011596,28463959,28924262,29391332,29863093,30336441,30811980,31291762,31780532,32270948,32755901,33230294,33693527,34152717,34613491,35070020,35513793,35947791,36372860,36794682,37213984,37624825,38029349,38424282,38815916,39216789,39622115,40016763,40424148,40854831,41288694,41730660,42161721,42582455,43024071,43477012,43900313,44288894,44654882,44973465,45191965,45312281,45407904,45538401
Argentina,ARG,Urban population,SP.URB.TOTL,18835224,19241060,19652126,20076377,20513447,20950006,21384842,21830061,22286083,22748749,23217972,23714178,24226673,24745738,25270448,25797503,26327296,26861787,27405306,27950836,28492393,29019351,29495987,29969692,30446027,30919132,31382118,31836802,32284187,32729606,33173290,33609880,34040070,34461202,34879982,35307267,35739148,36161548,36595981,37051655,37510366,37970728,38418182,38856064,39314105,39782770,40224540,40634617,41024440,41371540,41626771,41791064,41932837,42106172
Argentina,ARG,Urban population (% of total population),SP.URB.TOTL.IN.ZS,78.88,79.321,79.743,80.158,80.567,80.969,81.366,81.755,82.139,82.516,82.887,83.313,83.759,84.194,84.621,85.038,85.445,85.843,86.233,86.613,86.984,87.328,87.542,87.752,87.96,88.164,88.366,88.564,88.759,88.952,89.142,89.329,89.51,89.686,89.86,90.031,90.2,90.366,90.53,90.691,90.849,90.99,91.121,91.249,91.377,91.503,91.627,91.749,91.87,91.991,92.111,92.229,92.347,92.463
Paraguay,PRY,Urban population growth (annual %),SP.URB.GROW,2.69215650797348,2.70111379479968,2.76536806990792,3.80040298921259,3.87882245406657,3.8629102395846,3.83375889038729,3.82381929289523,3.83737636145978,3.87248899712507,3.95131744814414,4.0293364436727,4.07804894560653,4.49304577101439,4.49410058669478,4.47311135870452,4.46037537540411,4.43096719915898,4.39302801455423,4.32825965062411,4.2529370737801,4.17414527982515,4.10130611822923,3.83503378276563,3.72017843152976,3.6362509413631,3.55106723785619,3.45966359515669,3.37001688768279,3.25765455637562,3.09433714124487,2.82887185588189,2.53598965251535,1.89373095630207,1.72648406335716,1.6767055253812,1.60750653837869,1.54128423819894,1.52773662801302,1.57490028198291,1.71810298902003,1.87065376207867,1.94749619258587,1.92131672345562,1.90893747696344,1.91570893664553,1.90435002356188,1.87056275379774,1.85382433764841,1.83114588179042,1.8420605947367,1.71286538241011,1.64868158416131,1.75576393293312
Paraguay,PRY,Population growth (annual %),SP.POP.GROW,2.24594557639529,2.25693324788283,2.32058775076638,2.41945038751402,2.48798048771714,2.48362059384926,2.46552062096214,2.47163409446367,2.49334436658881,2.54384518085846,2.63045961983803,2.72577670597429,2.78421131528094,2.80811213601999,2.81902320856119,2.82342693811327,2.83088119594996,2.8232799595741,2.80445454879684,2.76866375478912,2.71114328092203,2.65579242385309,2.60163442704891,2.53245316780671,2.4615145741962,2.39512785223415,2.32519254374256,2.25425084909918,2.17892340656023,2.08244088073438,1.93460053752763,1.6877597301062,1.40951477388826,1.22988802352585,1.15243910027232,1.1059635782753,1.04172810758939,0.980401604621513,0.969992282647573,1.0219490065143,1.16985801191993,1.32708039585856,1.40686361602641,1.43842436376869,1.44981205714477,1.46036822105512,1.45104639106418,1.42257756735462,1.38999117307295,1.35488116957369,1.35198907049682,1.21078357917422,1.13476871860664,1.23021616038983
Paraguay,PRY,Population in urban agglomerations of more than 1 million (% of total population),EN.URB.MCTY.TL.ZS,23.1611605894068,23.4577818063759,23.7442102244067,23.9578119106541,24.1567613909243,24.3583856432936,24.5673175208675,24.7742296863297,24.9786066763726,25.1719588105857,25.3460018635971,25.4945812154752,25.6302715061021,25.8303928671745,26.0327178710647,26.2328483643155,26.4338882129568,26.638480988261,26.8510574143068,27.0723422412841,27.3124901040625,27.5700203939615,27.8464359601279,28.3657628218881,28.9593656775917,29.585030457622,30.247231865393,30.9423553920689,31.6792669425156,32.4650444171504,33.3216229081011,34.2810257129909,35.3685419346598,36.569255689921,37.8451330923736,39.1787811413784,40.5880459526247,42.073800955717,43.6212295411087,44.377856960987,45.082591041328,45.7265695162509,46.3445021610959,46.9524249700582,47.5646935299962,48.179856709654,48.8075292448896,49.4574563078001,50.1323711582725,50.3320154632545,50.5253463227423,50.7812175072432,51.0662433821111,51.2921699800092
Paraguay,PRY,"Population, total",SP.POP.TOTL,2388028,2442537,2499881,2561102,2625621,2691648,2758836,2827874,2899269,2973968,3053235,3137604,3226189,3318068,3412936,3510671,3611474,3714889,3820546,3927802,4035747,4144364,4253600,4362696,4471417,4579806,4687543,4794412,4900025,5003135,5100868,5187689,5261328,5326436,5388175,5448097,5505148,5559386,5613574,5671236,5737971,5814626,5897008,5982445,6069811,6159103,6249126,6338660,6427382,6515058,6603739,6684182,6760464,6844146
Paraguay,PRY,Urban population,SP.URB.TOTL,885123,909357,934855,971067,1009473,1049231,1090237,1132733,1177045,1223520,1272833,1325167,1380325,1443758,1510122,1579205,1651238,1726049,1803565,1883342,1965167,2048932,2134712,2218169,2302243,2387499,2473804,2560887,2648660,2736365,2822361,2903342,2977912,3034843,3087694,3139902,3190784,3240344,3290228,3342456,3400379,3464587,3532721,3601252,3670658,3741655,3813592,3885599,3958303,4031453,4106403,4177346,4246788,4322010
Paraguay,PRY,Urban population (% of total population),SP.URB.TOTL.IN.ZS,37.065,37.23,37.396,37.916,38.447,38.981,39.518,40.056,40.598,41.141,41.688,42.235,42.785,43.512,44.247,44.983,45.722,46.463,47.207,47.949,48.694,49.439,50.186,50.844,51.488,52.131,52.774,53.414,54.054,54.693,55.331,55.966,56.6,56.977,57.305,57.633,57.96,58.286,58.612,58.937,59.261,59.584,59.907,60.197,60.474,60.75,61.026,61.3,61.585,61.879,62.183,62.496,62.818,63.149
Peru,PER,Urban population growth (annual %),SP.URB.GROW,4.43797172144243,4.34515652407954,4.43404867995893,3.65981686048521,3.58629021580115,3.52893284609982,3.48914408405174,3.47285486801823,3.47734510245648,3.46644890455631,3.45047034100592,3.42794627955519,3.13869295327933,3.12647197531832,3.10609493712347,3.06193614290321,2.97430747148999,2.8936891387661,2.87010771999408,2.83590178234958,2.79976125318651,2.68545346745237,2.60769081907146,2.57749591926129,2.59236576602724,2.54626156349622,2.47927307053511,2.43689218714829,2.39952024261845,2.30021711562799,2.12470850860364,1.9219506088071,1.73883962788058,1.60419536551715,1.51088114554318,1.41111347010263,1.30596774112585,1.23059752428126,0.98591201850038,0.865296721986428,0.900225325687629,0.991307681352496,1.08068835827557,1.14192437159359,1.23283611826675,1.36661867164629,1.56856649014388,1.70652384258202,2.05285451466084,1.96101232098981,1.44570830991019,1.22054537935773,1.22380404491013,1.37127487648724
Peru,PER,Population growth (annual %),SP.POP.GROW,2.50853074131782,2.46419619287587,2.65330140780541,2.58910595982888,2.53021182166389,2.49203162088518,2.46609956670875,2.46973783326123,2.49050254044295,2.49394091615229,2.49507841641763,2.49079465762394,2.48421250164339,2.48685840526671,2.47505069098403,2.43933984551116,2.35853586036006,2.28611616082833,2.2691453247117,2.24436468535525,2.21460821954372,2.10803008186069,2.0364508690957,2.01664193906499,1.977894145288,1.93836467845591,1.88065410074516,1.84880202733493,1.81901745317137,1.72719734410339,1.56043059120612,1.3676462262452,1.19300655774598,1.06536414066423,0.980296012446146,0.889996951132914,0.791526842084803,0.725382868960412,0.657968680657885,0.617089075143821,0.652636898148331,0.746934823460309,0.83691693370644,0.901339196033327,0.994129278893009,1.12847381931302,1.33357065112944,1.47336535107465,1.81253577188754,1.71486934751345,1.19250495254373,0.961612354333265,0.959183909355287,1.09975320783678
Peru,PER,Population in urban agglomerations of more than 1 million (% of total population),EN.URB.MCTY.TL.ZS,22.0747995165184,22.7153619071219,23.3034253621725,23.5530228726628,23.8205169212797,24.1002501833023,24.3908162273907,24.6815076481989,24.9717320578717,25.2645005748786,25.561701724946,25.86089908845,25.9078794440776,25.9462480321108,25.988682179178,26.0385987441906,26.110643460829,26.201856739182,26.2988048940327,26.4007361121322,26.5119132967588,26.6519523523074,26.812886063747,26.9781777681975,27.0024114488989,27.0330317333595,27.0800761479577,27.1343123864873,27.1975218057125,27.2859256050369,27.4210776608502,27.6085153271877,27.8466123308826,28.1226330641696,28.4263643182098,28.7577069717357,29.1223979982553,29.5112292902463,29.8964613755731,30.2841791088989,30.6668265602109,31.0250386243065,31.3600312090889,31.6765599906553,31.9674479458076,32.2176960758563,32.4042277039951,32.5445974042732,32.5749028515765,32.5267756906828,32.6420579891718,32.8230055831421,32.9931665121155,33.1043809897157
Peru,PER,"Population, total",SP.POP.TOTL,13501237,13838067,14210147,14582867,14956552,15333957,15716809,16109806,16516059,16933139,17360949,17798805,18246503,18705957,19174716,19648204,20117122,20582320,21054702,21532589,22014771,22483775,22946340,23413783,23881493,24348919,24811171,25274147,25738095,26186504,26598331,26964601,27288217,27580490,27852190,28101180,28324491,28530699,28719041,28896811,29086019,29304086,29550366,29817919,30115826,30457600,30866494,31324637,31897584,32449303,32838579,33155882,33475438,33845617
Peru,PER,Urban population,SP.URB.TOTL,7750520,8094716,8461716,8777136,9097622,9424403,9759038,10103909,10461437,10830436,11210659,11601617,11971531,12351730,12741407,13137575,13534196,13931555,14337199,14749608,15168397,15581256,15992911,16410486,16841468,17275802,17709470,18146332,18587023,19019520,19427953,19804960,20152348,20478238,20789989,21085439,21362614,21627126,21841405,22031218,22230444,22451912,22695863,22956518,23241286,23561086,23933571,24345508,24850451,25342581,25711622,26027367,26347848,26711638
Peru,PER,Urban population (% of total population),SP.URB.TOTL.IN.ZS,57.406,58.496,59.547,60.188,60.827,61.461,62.093,62.719,63.341,63.96,64.574,65.182,65.61,66.031,66.449,66.864,67.277,67.687,68.095,68.499,68.901,69.3,69.697,70.089,70.521,70.951,71.377,71.798,72.216,72.631,73.042,73.448,73.85,74.249,74.644,75.034,75.421,75.803,76.052,76.241,76.43,76.617,76.804,76.989,77.173,77.357,77.539,77.72,77.907,78.099,78.297,78.5,78.708,78.922
Suriname,SUR,Urban population growth (annual %),SP.URB.GROW,2.85606541872351,2.73267324990166,3.64637142853898,4.44321090713873,4.11396413262371,3.78932711698738,3.47747335597876,3.15650774791724,2.8555192331043,2.54794661759678,2.78610091383673,0.137288070331383,0.406658303767467,0.693824840540286,1.02076860999821,1.35754186915901,1.48833127396593,1.27546625362141,1.44350163154572,1.6395752202425,1.10782464147857,0.721655837906574,0.731031823335749,0.533485468377259,0.830627598712713,1.80937038608018,2.23643480665185,2.19323997776059,2.17453136280825,2.16956269045036,2.17181268972355,2.16891249829444,2.14373725109488,2.07653057145136,1.58134752136628,0.960740924813295,0.98820513530092,1.03769658885717,1.06400452092375,1.0691476473152,1.06003045395873,1.04484300543897,1.03484418089436,1.02610473814766,1.03304082278186,1.03132806260968,1.02414940521969,1.00968625757308,1.00085592842286,1.09089251389895,1.15716740477834,1.01277322391288,0.981565970556829,1.07072094716308
Suriname,SUR,Population growth (annual %),SP.POP.GROW,3.35960680237228,3.23866028741434,1.38876868596256,-0.413775434809678,-0.531005189705403,-0.638598786613723,-0.739234037902964,-0.833256260341396,-0.930125194631889,-1.027536230724,-0.590987657285956,0.0218423198477507,0.291484141517409,0.580167680342495,0.905992090843073,1.24266223709671,1.3750983388251,1.16087518152376,1.33045316714963,1.52525174000201,0.995011266767108,0.6090609107497,0.618785018405407,0.421296747951677,0.718288232960697,1.69749645431176,2.12435847636189,2.08306804632028,2.06286243195902,2.05779708457492,2.06184130338408,2.0592440925481,2.03259733141667,1.96683193341399,1.47189322083765,1.04333354504085,1.0885764053437,1.13996043251437,1.16620762103283,1.17005849053812,1.16234546951658,1.14737217748715,1.1375560373964,1.12880323190541,1.11029432439557,1.08108226631897,1.04842483742266,1.00824404428043,0.972162135207174,1.03794155144619,1.07530477821816,0.907003624018977,0.848956801428746,0.914027369002208
Suriname,SUR,Population in urban agglomerations of more than 1 million (% of total population),EN.URB.MCTY.TL.ZS,..,..,..,..,..,..,..,..,..,..,..,..,..,..,..,..,..,..,..,..,..,..,..,..,..,..,..,..,..,..,..,..,..,..,..,..,..,..,..,..,..,..,..,..,..,..,..,..,..,..,..,..,..,..
Suriname,SUR,"Population, total",SP.POP.TOTL,379442,391932,397413,395772,393676,391170,388289,385067,381502,377602,375377,375459,376555,378746,382193,386972,392330,396911,402227,408409,412493,415013,417589,419352,422375,429606,438830,448067,457406,466916,476643,486560,496551,506414,513923,519313,524997,531016,537245,543568,549923,556269,562633,569020,575373,581627,587757,593713,599513,605768,612317,617896,623164,628886
Suriname,SUR,Urban population,SP.URB.TOTL,174346,179176,185830,194273,202432,210250,217690,224671,231179,237145,243845,244180,245175,246882,249415,252824,256615,259909,263688,268047,271033,272996,274999,276470,278776,283866,290286,296723,303246,309897,316701,323645,330658,337596,342977,346288,349727,353375,357155,360994,364841,368673,372508,376350,380258,384200,388155,392094,396038,400382,405042,409165,413201,417649
Suriname,SUR,Urban population (% of total population),SP.URB.TOTL.IN.ZS,45.948,45.716,46.76,49.087,51.421,53.749,56.064,58.346,60.597,62.803,64.96,65.035,65.11,65.184,65.259,65.334,65.408,65.483,65.557,65.632,65.706,65.78,65.854,65.928,66.002,66.076,66.15,66.223,66.297,66.371,66.444,66.517,66.591,66.664,66.737,66.682,66.615,66.547,66.479,66.412,66.344,66.276,66.208,66.14,66.089,66.056,66.04,66.041,66.06,66.095,66.149,66.219,66.307,66.411
Uruguay,URY,Urban population growth (annual %),SP.URB.GROW,0.852965236424747,0.804332213024045,0.782629678731685,0.787555419673886,0.827967193887918,0.905959016497454,1.16303717152856,1.10984047704346,1.03212032498896,0.947139681563671,0.860926282685432,0.819981612912671,0.841720489477689,0.862587711164657,0.863801165813149,0.878681629897565,0.939174047413441,0.980081479952905,0.998004462083046,0.987923330169534,0.969171863784549,0.947927336128206,0.915112890353493,0.877299474566348,0.859577162196848,0.850589198483501,0.851037859701992,0.872349281576608,0.825046915175297,0.773720820124036,0.684111157999305,0.544389120545793,0.428630147948401,0.3501030450767,0.328725823314827,0.338476904122553,0.364049251608665,0.412803374453566,0.446164228138189,0.463617347817303,0.473479068078359,0.457650963238616,0.391597681051478,0.40715423865896,0.435664623721946,0.452769902399013,0.438040155143324,0.371387624649187,0.278403154899064,0.175147695355527,0.14506019643278,0.025193005347708,-0.0814844194974861,0.00314354150179707
Uruguay,URY,Population growth (annual %),SP.POP.GROW,0.604985221938376,0.559381399085033,0.539507849533265,0.547434142808986,0.590786204296072,0.641816831357887,0.661798147064247,0.622979359711899,0.557105459685174,0.483769235243481,0.40903975932411,0.38183039050652,0.412411436806429,0.445520473619639,0.457667008298166,0.483394564540091,0.522589894361019,0.560636879371842,0.590567988250426,0.59452102052382,0.5863044602648,0.576577815081659,0.554068643934089,0.528682164061756,0.52104822142472,0.522015798423953,0.527975679567825,0.529453063948236,0.493144265488424,0.45385356103469,0.373944815859448,0.246007398484151,0.140879525241248,0.0707006512477159,0.0597775816533495,0.0798609372229262,0.113607393322573,0.171519933968135,0.212934707039678,0.239373352045262,0.256129913246022,0.248141512237734,0.257451630638359,0.297452387025821,0.328187100513488,0.347483697847475,0.333941294134426,0.270549143036717,0.179744266709225,0.0786838170441181,0.0518527053450753,-0.0668956092956434,-0.170369337727093,-0.0835522251458198
Uruguay,URY,Population in urban agglomerations of more than 1 million (% of total population),EN.URB.MCTY.TL.ZS,48.8136943901889,48.8259951497651,48.8483664133392,48.8661264734505,48.8630470674968,48.8424688057041,48.8710282106335,48.9176173868631,48.9970144050258,49.112504732299,49.2655879006204,49.431603046119,49.5835310597373,49.7194505580542,49.8501576026282,49.9674017918905,49.9986316478422,49.9803927740487,49.9475710414833,49.9121103084483,49.8810882478853,49.8549491825719,49.8403988658796,49.837802901774,49.8393549741335,49.8404422092907,49.813711901854,49.5754565521221,49.3563075745227,49.15739478767,48.9985016254333,48.9025429021782,48.8581574062016,48.8480994372157,48.8433966424907,49.0825440969562,49.3073124049629,49.5044387923717,49.682164220755,49.8465752150016,50.0035256043247,50.1649771178226,50.3226448633912,50.4606262388513,50.58343418742,50.6967452955255,50.8171999799958,50.9702405651217,51.1701753466013,51.3569091777184,51.5564724351627,51.8123057854768,52.117025709595,52.3717113020616
Uruguay,URY,"Population, total",SP.POP.TOTL,2790807,2806462,2821644,2837133,2853944,2872320,2891392,2909461,2925715,2939903,2951953,2963246,2975492,2988778,3002488,3017037,3032845,3049896,3067961,3086255,3104403,3122354,3139702,3156345,3172834,3189440,3206324,3223345,3239280,3254015,3266206,3274251,3278867,3281186,3283148,3285771,3289506,3295153,3302177,3310091,3318580,3326825,3335401,3345337,3356334,3368017,3379283,3388438,3394534,3397206,3398968,3396695,3390913,3388081
Uruguay,URY,Urban population,SP.URB.TOTL,2298732,2317296,2335503,2353969,2373540,2395141,2423160,2450203,2475623,2499182,2520791,2541546,2563029,2585233,2607661,2630675,2655498,2681652,2708549,2735440,2762080,2788387,2814021,2838817,2863324,2887783,2912464,2937982,2962322,2985331,3005824,3022232,3035214,3045859,3055888,3066249,3077432,3090162,3103980,3118404,3133204,3147576,3159926,3172818,3186671,3201132,3215185,3227148,3236145,3241818,3246524,3247342,3244697,3244799
Uruguay,URY,Urban population (% of total population),SP.URB.TOTL.IN.ZS,82.368,82.57,82.771,82.97,83.167,83.387,83.806,84.215,84.616,85.009,85.394,85.769,86.138,86.498,86.85,87.194,87.558,87.926,88.285,88.633,88.973,89.304,89.627,89.94,90.245,90.542,90.835,91.147,91.45,91.743,92.028,92.303,92.569,92.828,93.078,93.319,93.553,93.779,93.998,94.209,94.414,94.612,94.739,94.843,94.945,95.045,95.144,95.24,95.334,95.426,95.515,95.603,95.688,95.771
"Venezuela, RB",VEN,Urban population growth (annual %),SP.URB.GROW,4.4047254274288,4.31587987877913,4.11340199496406,3.98117125898588,3.92762478777936,3.88026610424082,3.84365631765919,3.80305360283152,3.76004562340632,3.7076808734513,3.64271395449124,3.57202025773765,3.43419335458926,3.34563517194958,3.29551849013804,3.24200766854615,3.21196900341182,3.17933419279896,3.12280287846352,3.05234373267084,2.97738077391213,2.83153206456046,2.72765436072852,2.65244095225551,2.58083330173375,2.5162181813831,2.46171857080636,2.41391702444834,2.365978738176,2.29996418296968,2.23357206388252,2.16276889950754,1.83761025799352,1.81044806278956,1.74550484249337,1.7047187365587,1.65476678043965,1.57740052946132,1.48017408853288,1.39116790582965,1.33886538886199,1.3115752320542,1.27212801327427,1.2166603173899,1.14894676780333,1.06314891807255,0.637680708857249,-0.633080073501269,-2.48195423916124,-2.92414129440981,-1.67771711429792,-0.675658604017843,-0.0279096850824344,0.378718150452104
"Venezuela, RB",VEN,Population growth (annual %),SP.POP.GROW,3.09913259359461,3.05459422386915,3.00500106904498,2.96696597438552,2.9395819591844,2.9216883785441,2.911170001683,2.90120378571083,2.88423643148571,2.85729074115345,2.81591887200814,2.77330334164225,2.73257068541178,2.69463088437118,2.66099754289596,2.62614099270944,2.61200318869266,2.59621676285258,2.5550534835076,2.50092436734704,2.44084938719203,2.38168897149485,2.31745661857209,2.25329732143847,2.19027461047796,2.13415920641198,2.08805824636671,2.05088234370289,2.01000402655574,1.95213333149154,1.89379499634952,1.83097359469052,1.80801767033013,1.78086326604433,1.71593189812023,1.67515351433713,1.62520895526481,1.54785544927575,1.45176982660994,1.36163698615317,1.30934216855774,1.28319630933634,1.25510683013417,1.20531461336652,1.13646612916995,1.0518040406043,0.62520243689416,-0.653495206896492,-2.51030049026678,-2.96041293052007,-1.72190477685565,-0.727752243229035,-0.087895947265923,0.310851368612458
"Venezuela, RB",VEN,Population in urban agglomerations of more than 1 million (% of total population),EN.URB.MCTY.TL.ZS,33.1341902160121,33.6959995257647,33.8953548918191,33.9087612128082,33.9393289673185,33.9825567581817,34.037500613687,34.0997651714037,34.176173938473,34.2688811903454,34.3845329775731,34.5193630234705,34.4153663525717,34.2199061054974,34.0471640601497,33.8942265566505,33.7568937290053,33.6345770306795,33.5367192658372,33.4643156587388,33.4223667613019,33.185405135786,32.8778023023781,32.5957019965636,32.3399825124643,32.1072247991907,31.8944001382395,31.6964241904556,31.516078940782,31.3577829649589,31.2219886990133,31.1079314018675,30.908750156424,30.6736226032485,30.4622426970623,30.2655354306333,30.0872524296515,29.9348957876534,29.8140679930374,29.7213391603112,29.6465069830561,29.5812790395355,29.535813738634,29.5087575978201,29.50401167393,29.5257711363116,29.6758665163695,30.2111677341018,31.3341480251072,32.590825423288,33.485945070392,34.0698997153676,34.4489318529812,34.6998468668119
"Venezuela, RB",VEN,"Population, total",SP.POP.TOTL,11387790,11741008,12099180,12463537,12835351,13215892,13606284,14006812,14416684,14834552,15258218,15687297,16121874,16562205,17008841,17461434,17923536,18394963,18871020,19348921,19827010,20304896,20780948,21254520,21725188,22193821,22662113,23131685,23601337,24066593,24526708,24979922,25435671,25892703,26340838,26785804,27224686,27649363,28053696,28438298,28813101,29185212,29553826,29912198,30254079,30573972,30765720,30565323,29807592,28938098,28444077,28237826,28213017,28300854
"Venezuela, RB",VEN,Urban population,SP.URB.TOTL,8182355,8543227,8901972,9263524,9634600,10015796,10408263,10811718,11225983,11650019,12082220,12521600,12959085,13399983,13848939,14305280,14772220,15249424,15733147,16220781,16710997,17190937,17666300,18141158,18615445,19089793,19565562,20043605,20523487,21000990,21475340,21944861,22351850,22760204,23160972,23559186,23952279,24333098,24695949,25041912,25379444,25714507,26043718,26362517,26667155,26952179,27124597,26953419,26292681,25534978,25110147,24941060,24934100,25028709
"Venezuela, RB",VEN,Urban population (% of total population),SP.URB.TOTL.IN.ZS,71.852,72.764,73.575,74.325,75.063,75.786,76.496,77.189,77.868,78.533,79.185,79.82,80.382,80.907,81.422,81.925,82.418,82.9,83.372,83.833,84.284,84.664,85.012,85.352,85.686,86.014,86.336,86.65,86.959,87.262,87.559,87.85,87.876,87.902,87.928,87.954,87.98,88.006,88.031,88.057,88.083,88.108,88.123,88.133,88.144,88.154,88.165,88.183,88.208,88.24,88.279,88.325,88.378,88.438
,,,,,,,,,,,,,,,,,,,,,,,,,,,,,,,,,,,,,,,,,,,,,,,,,,,,,,,,,
,,,,,,,,,,,,,,,,,,,,,,,,,,,,,,,,,,,,,,,,,,,,,,,,,,,,,,,,,
,,,,,,,,,,,,,,,,,,,,,,,,,,,,,,,,,,,,,,,,,,,,,,,,,,,,,,,,,
Data from database: World Development Indicators,,,,,,,,,,,,,,,,,,,,,,,,,,,,,,,,,,,,,,,,,,,,,,,,,,,,,,,,,
Last Updated: 01/28/2025,,,,,,,,,,,,,,,,,,,,,,,,,,,,,,,,,,,,,,,,,,,,,,,,,,,,,,,,,
