Country Name,Country Code,Year,Population growth (annual %),Population in urban agglomerations of more than 1 million (% of total population),"Population, total",Urban population,Urban population (% of total population),Urban population growth (annual %)
Argentina,ARG,1970,1.560019413,44.03843284,23878327,18835224,78.88,2.178048733
Argentina,ARG,1971,1.574258289,44.15938553,24257208,19241060,79.321,2.131780345
Argentina,ARG,1972,1.583296226,44.2141494,24644328,19652126,79.743,2.113898857
Argentina,ARG,1973,1.616756118,44.25233086,25046005,20076377,80.158,2.135832441
Argentina,ARG,1974,1.644732158,44.27941785,25461351,20513447,80.567,2.153677206
Argentina,ARG,1975,1.608108356,44.32298282,25874107,20950006,80.969,2.105831044
Argentina,ARG,1976,1.565232308,44.38690124,26282283,21384842,81.366,2.054342053
Argentina,ARG,1977,1.583610413,44.44087956,26701805,21830061,81.755,2.060561158
Argentina,ARG,1978,1.598850033,44.48942469,27132158,22286083,82.139,2.067443805
Argentina,ARG,1979,1.596847799,44.53915545,27568895,22748749,82.516,2.054775194
Argentina,ARG,1980,1.593042286,44.59192186,28011596,23217972,82.887,2.041647908
Argentina,ARG,1981,1.602012321,44.50023976,28463959,23714178,83.313,2.114646317
Argentina,ARG,1982,1.604206799,44.34705024,28924262,24226673,83.759,2.138111916
Argentina,ARG,1983,1.601904245,44.1957207,29391332,24745738,84.194,2.119905589
Argentina,ARG,1984,1.592356919,44.05018931,29863093,25270448,84.621,2.098237761
Argentina,ARG,1985,1.572629301,43.91258685,30336441,25797503,85.038,2.064205452
Argentina,ARG,1986,1.555391224,43.7840379,30811980,26327296,85.445,2.032856739
Argentina,ARG,1987,1.545129262,43.66066059,31291762,26861787,85.843,2.009844735
Argentina,ARG,1988,1.549903304,43.53662802,31780532,27405306,86.233,2.003192524
Argentina,ARG,1989,1.531348171,43.41981525,32270948,27950836,86.613,1.971046543
Argentina,ARG,1990,1.491574629,43.32161402,32755901,28492393,86.984,1.919002966
Argentina,ARG,1991,1.43788007,43.23702944,33230294,29019351,87.328,1.832574395
Argentina,ARG,1992,1.3843812,43.10807236,33693527,29495987,87.542,1.629133688
Argentina,ARG,1993,1.353640186,42.99154588,34152717,29969692,87.752,1.593238414
Argentina,ARG,1994,1.340137575,42.88188961,34613491,30446027,87.96,1.576890512
Argentina,ARG,1995,1.310311508,42.78537338,35070020,30919132,88.164,1.541964143
Argentina,ARG,1996,1.257452179,42.71240754,35513793,31382118,88.366,1.486308937
Argentina,ARG,1997,1.214647959,42.65665726,35947791,31836802,88.564,1.438467599
Argentina,ARG,1998,1.175525632,42.61839734,36372860,32284187,88.759,1.395462756
Argentina,ARG,1999,1.153043172,42.5898585,36794682,32729606,88.952,1.370250677
Argentina,ARG,2000,1.133128076,42.57056433,37213984,33173290,89.142,1.34649835
Argentina,ARG,2001,1.097946728,42.565091,37624825,33609880,89.329,1.307503731
Argentina,ARG,2002,1.069413183,42.63168691,38029349,34040070,89.51,1.271828874
Argentina,ARG,2003,1.033139977,42.75123996,38424282,34461202,89.686,1.229575141
Argentina,ARG,2004,1.01407652,42.88024273,38815916,34879982,89.86,1.207897147
Argentina,ARG,2005,1.027457722,43.00248549,39216789,35307267,90.031,1.217572379
Argentina,ARG,2006,1.028247605,43.12568877,39622115,35739148,90.2,1.215786384
Argentina,ARG,2007,0.991101935,43.26547602,40016763,36161548,90.366,1.174967373
Argentina,ARG,2008,1.012888785,43.39720901,40424148,36595981,90.53,1.194208129
Argentina,ARG,2009,1.059774707,43.50753036,40854831,37051655,90.691,1.237459448
Argentina,ARG,2010,1.056363322,43.62057807,41288694,37510366,90.849,1.230430133
Argentina,ARG,2011,1.064740097,43.55800987,41730660,37970728,90.99,1.219822565
Argentina,ARG,2012,1.027661364,43.42949615,42161721,38418182,91.121,1.171529002
Argentina,ARG,2013,0.99295899,43.31603239,42582455,38856064,91.249,1.133331503
Argentina,ARG,2014,1.031743579,43.18705917,43024071,39314105,91.377,1.171920819
Argentina,ARG,2015,1.047258887,43.05230773,43477012,39782770,91.503,1.185054365
Argentina,ARG,2016,0.968911126,42.95257758,43900313,40224540,91.627,1.104335316
Argentina,ARG,2017,0.881249595,42.89031467,44288894,40634617,91.749,1.014308165
Argentina,ARG,2018,0.82296948,42.85363692,44654882,41024440,91.87,0.954764788
Argentina,ARG,2019,0.710900853,42.87087508,44973465,41371540,91.991,0.842521815
Argentina,ARG,2020,0.484665637,42.99529795,45191965,41626771,92.111,0.615028912
Argentina,ARG,2021,0.265879395,43.22729196,45312281,41791064,92.229,0.393904283
Argentina,ARG,2022,0.210808731,43.49783685,45407904,41932837,92.347,0.338668251
Argentina,ARG,2023,0.286976122,43.74898671,45538401,42106172,92.463,0.412511399
Bolivia,BOL,1970,2.242334243,21.04694761,4590010,1825722,39.776,3.014605745
Bolivia,BOL,1971,2.247575102,21.4019345,4694342,1881586,40.082,3.013951298
Bolivia,BOL,1972,2.246169342,21.76850217,4800978,1939067,40.389,3.009189134
Bolivia,BOL,1973,2.249502701,22.14235673,4910200,1998255,40.696,3.006737015
Bolivia,BOL,1974,2.260816592,22.52566713,5022475,2059416,41.004,3.014814775
Bolivia,BOL,1975,2.265133094,22.91918368,5137539,2122523,41.314,3.018302796
Bolivia,BOL,1976,2.289047404,23.32000253,5256496,2187964,41.624,3.036595562
Bolivia,BOL,1977,2.30686985,23.71975507,5379166,2283241,42.446,4.262449379
Bolivia,BOL,1978,2.29641042,24.13389018,5504123,2391101,43.442,4.615800449
Bolivia,BOL,1979,2.276278231,24.56613559,5630849,2502518,44.443,4.554349566
Bolivia,BOL,1980,2.248625418,25.02055948,5758900,2617478,45.451,4.491383377
Bolivia,BOL,1981,2.218840924,25.49441595,5888109,2735557,46.459,4.412381269
Bolivia,BOL,1982,2.183470742,25.99435236,6018088,2856907,47.472,4.340449965
Bolivia,BOL,1983,2.152962371,26.51878499,6149060,2981433,48.486,4.266448633
Bolivia,BOL,1984,2.136816387,27.06656682,6281868,3109776,49.504,4.214664046
Bolivia,BOL,1985,2.115631583,27.63526924,6416185,3241393,50.519,4.145247781
Bolivia,BOL,1986,2.101974701,28.22861393,6552479,3376820,51.535,4.093126256
Bolivia,BOL,1987,2.109353951,28.83993245,6692162,3516664,52.549,4.057837472
Bolivia,BOL,1988,2.119379991,29.47084547,6835508,3661303,53.563,4.030628203
Bolivia,BOL,1989,2.117110262,30.12044517,6981766,3810020,54.571,3.981534348
Bolivia,BOL,1990,2.102925671,30.79851706,7130142,3962719,55.577,3.929596735
Bolivia,BOL,1991,2.083940915,31.50601576,7280289,4119115,56.579,3.870792865
Bolivia,BOL,1992,2.040052056,32.23406048,7430336,4275490,57.541,3.726038124
Bolivia,BOL,1993,1.983591371,32.75127504,7579195,4401921,58.079,2.914232085
Bolivia,BOL,1994,1.935536666,33.29797826,7727322,4529370,58.615,2.854182042
Bolivia,BOL,1995,1.888968087,33.87320316,7874676,4657871,59.15,2.797561981
Bolivia,BOL,1996,1.85028163,34.47715058,8021736,4787532,59.682,2.745656177
Bolivia,BOL,1997,1.805698058,35.10782453,8167900,4918056,60.212,2.689829191
Bolivia,BOL,1998,1.765611118,35.77004771,8313394,5049472,60.739,2.637035289
Bolivia,BOL,1999,1.745829284,36.45594237,8459806,5182816,61.264,2.606485454
Bolivia,BOL,2000,1.717127233,37.17162236,8606326,5317591,61.787,2.567184335
Bolivia,BOL,2001,1.686882296,37.91317366,8752736,5453480,62.306,2.523355576
Bolivia,BOL,2002,1.672482638,38.14932101,8900355,5587910,62.783,2.435139831
Bolivia,BOL,2003,1.67509392,38.27059785,9050700,5724387,63.248,2.413013415
Bolivia,BOL,2004,1.682725099,38.39196887,9204287,5864143,63.711,2.41208809
Bolivia,BOL,2005,1.685648902,38.51207926,9360754,6006796,64.17,2.403514454
Bolivia,BOL,2006,1.704640623,38.6279052,9521689,6153677,64.628,2.415829442
Bolivia,BOL,2007,1.710516527,38.74338734,9685960,6303816,65.082,2.410537498
Bolivia,BOL,2008,1.688114369,38.87061411,9850858,6455760,65.535,2.381759124
Bolivia,BOL,2009,1.665271206,39.00660675,10016275,6609139,65.984,2.348063264
Bolivia,BOL,2010,1.644406818,39.15395717,10182345,6764132,66.43,2.318055773
Bolivia,BOL,2011,1.622769787,39.31200997,10348929,6920743,66.874,2.288918788
Bolivia,BOL,2012,1.599651762,39.4825428,10515807,7078715,67.315,2.256926025
Bolivia,BOL,2013,1.573744476,39.66351662,10682608,7232019,67.699,2.142585624
Bolivia,BOL,2014,1.544558778,39.85859196,10848888,7382343,68.047,2.05728176
Bolivia,BOL,2015,1.516861198,40.06736449,11014705,7533287,68.393,2.024039925
Bolivia,BOL,2016,1.48970584,40.28983848,11180020,7684922,68.738,1.992876015
Bolivia,BOL,2017,1.461245723,40.52673755,11344587,7836841,69.08,1.957559219
Bolivia,BOL,2018,1.433370907,40.77807557,11508368,7989684,69.425,1.931539007
Bolivia,BOL,2019,1.406578238,40.97984592,11671386,8143476,69.773,1.906590633
Bolivia,BOL,2020,1.233964427,41.25142737,11816299,8285943,70.123,1.734334867
Bolivia,BOL,2021,1.019312841,41.60960212,11937360,8412854,70.475,1.520030976
Bolivia,BOL,2022,1.164259073,41.90538599,12077154,8554248,70.83,1.666722735
Bolivia,BOL,2023,1.373343823,42.10973575,12244159,8716127,71.186,1.874698621
Brazil,BRA,1970,2.473171741,27.72985948,95375651,53323573,55.909,4.221540876
Brazil,BRA,1971,2.448013844,28.31373526,97739273,55607782,56.894,4.194465192
Brazil,BRA,1972,2.433362586,28.86444786,100146797,57963965,57.879,4.149836887
Brazil,BRA,1973,2.421036579,29.43316543,102600976,60385804,58.855,4.093251984
Brazil,BRA,1974,2.396658792,30.02963612,105089675,62870949,59.826,4.033015272
Brazil,BRA,1975,2.378842877,30.65131884,107619565,65420857,60.789,3.975692507
Brazil,BRA,1976,2.381556163,31.29485885,110213349,68051232,61.745,3.941971127
Brazil,BRA,1977,2.386557498,31.95454945,112875292,70760392,62.689,3.903857586
Brazil,BRA,1978,2.386050633,32.63874787,115600942,73551099,63.625,3.868098002
Brazil,BRA,1979,2.376261954,33.34957358,118380821,76416004,64.551,3.821176152
Brazil,BRA,1980,2.359690661,34.09266613,121207461,79352101,65.468,3.770277358
Brazil,BRA,1981,2.328674854,34.27643507,124063109,82340685,66.37,3.697041122
Brazil,BRA,1982,2.27914449,34.36420644,126923155,85371053,67.262,3.614175002
Brazil,BRA,1983,2.233652838,34.47283339,129790077,88441554,68.142,3.533484158
Brazil,BRA,1984,2.186254785,34.60442719,132658864,91547882,69.01,3.452020888
Brazil,BRA,1985,2.130582513,34.75844976,135515595,94673905,69.862,3.357627188
Brazil,BRA,1986,2.060145718,34.94409894,138336370,97807964,70.703,3.256759738
Brazil,BRA,1987,1.98157141,35.16350426,141104944,100930955,71.529,3.143066399
Brazil,BRA,1988,1.910282056,35.41601836,143826357,104046863,72.342,3.040473421
Brazil,BRA,1989,1.843899716,35.69672771,146502972,107150809,73.139,2.939586864
Brazil,BRA,1990,1.786135751,36.00709769,149143223,110249653,73.922,2.851009488
Brazil,BRA,1991,1.715769565,36.35115469,151724256,113322847,74.69,2.749343126
Brazil,BRA,1992,1.667246818,36.57166495,154275079,116391291,75.444,2.671691472
Brazil,BRA,1993,1.619928558,36.78091686,156794577,119447677,76.181,2.59207132
Brazil,BRA,1994,1.563299735,37.01676312,159265006,122479568,76.903,2.506579812
Brazil,BRA,1995,1.539012552,37.26655566,161735073,125522590,77.61,2.454151814
Brazil,BRA,1996,1.514107592,37.53196669,164202549,128573880,78.302,2.401793838
Brazil,BRA,1997,1.486504265,37.81088187,166661659,131742708,79.048,2.434715789
Brazil,BRA,1998,1.487720981,38.09613528,169159655,134957264,79.781,2.410732672
Brazil,BRA,1999,1.456527672,38.3991386,171641543,138164576,80.496,2.348738895
Brazil,BRA,2000,1.375211283,38.74093413,174018282,141288924,81.192,2.23613459
Brazil,BRA,2001,1.303355032,38.83707305,176301203,143778920,81.553,1.746994185
Brazil,BRA,2002,1.241420626,38.93363784,178503484,146158653,81.88,1.641585405
Brazil,BRA,2003,1.180213955,39.05537603,180622688,148477268,82.203,1.573917298
Brazil,BRA,2004,1.12991417,39.19905676,182675143,150745355,82.521,1.516015344
Brazil,BRA,2005,1.095906125,39.35608174,184688101,152984542,82.834,1.474486108
Brazil,BRA,2006,1.058338425,39.53045871,186653106,155188992,83.143,1.430679379
Brazil,BRA,2007,1.012368206,39.72519617,188552320,157343140,83.448,1.378534808
Brazil,BRA,2008,0.957984636,39.9453279,190367302,159430712,83.749,1.318039484
Brazil,BRA,2009,0.895632239,40.19116914,192079951,161431674,84.044,1.247256162
Brazil,BRA,2010,0.840883225,40.46262905,193701929,163358522,84.335,1.186532494
Brazil,BRA,2011,0.813813884,40.71166208,195284734,165271423,84.631,1.16418034
Brazil,BRA,2012,0.811598483,40.96151564,196876111,167193100,84.923,1.156032159
Brazil,BRA,2013,0.810511648,41.21272321,198478299,169121374,85.209,1.146721464
Brazil,BRA,2014,0.806314178,41.46902333,200085127,171056777,85.492,1.137888414
Brazil,BRA,2015,0.791721774,41.73402057,201675532,172977104,85.77,1.116370829
Brazil,BRA,2016,0.76197267,42.01505925,203218114,174852930,86.042,1.078598167
Brazil,BRA,2017,0.72824666,42.31162548,204703445,176677496,86.309,1.038079352
Brazil,BRA,2018,0.683439571,42.6304297,206107261,178424995,86.569,0.984230272
Brazil,BRA,2019,0.651994346,42.8340013,207455459,180121128,86.824,0.946124107
Brazil,BRA,2020,0.57935071,43.05981905,208660842,181687255,87.073,0.865727194
Brazil,BRA,2021,0.425360907,43.33583851,209550294,182973030,87.317,0.705193508
Brazil,BRA,2022,0.360180891,43.62212584,210306415,184133782,87.555,0.632380457
Brazil,BRA,2023,0.395928696,43.87326521,211140729,185356223,87.788,0.661693385
Chile,CHL,1970,1.690761998,26.88236186,9845344,7406357,75.227,2.598801484
Chile,CHL,1971,1.655606968,27.35692105,10009701,7595661,75.883,2.523847771
Chile,CHL,1972,1.634736189,27.84696479,10174678,7786478,76.528,2.481147634
Chile,CHL,1973,1.61527935,28.34864969,10340362,7978520,77.159,2.436429106
Chile,CHL,1974,1.587422562,28.86875909,10505817,8171214,77.778,2.386455964
Chile,CHL,1975,1.565306147,29.40491638,10671559,8365008,78.386,2.343980056
Chile,CHL,1976,1.54994709,29.95703827,10838251,8560267,78.982,2.307409045
Chile,CHL,1977,1.531523812,30.52228614,11005519,8756541,79.565,2.26695827
Chile,CHL,1978,1.507598099,31.10710531,11172695,8953351,80.136,2.222691166
Chile,CHL,1979,1.484395433,31.71048572,11339779,9150635,80.695,2.179540017
Chile,CHL,1980,1.477342781,32.32935513,11508550,9349891,81.243,2.154140969
Chile,CHL,1981,1.467788809,32.9603757,11678717,9550621,81.778,2.124149308
Chile,CHL,1982,1.457780101,33.50915013,11850214,9743957,82.226,2.004111943
Chile,CHL,1983,1.47365212,33.6460799,12026138,9904607,82.359,1.635270445
Chile,CHL,1984,1.498715571,33.77598445,12207733,10070403,82.492,1.660072336
Chile,CHL,1985,1.524566753,33.89586225,12395274,10241471,82.624,1.684453585
Chile,CHL,1986,1.550131447,34.00835847,12588914,10417956,82.755,1.708559422
Chile,CHL,1987,1.585875803,34.10902921,12790150,10601116,82.885,1.742842274
Chile,CHL,1988,1.622970535,34.19819217,12999424,10791342,83.014,1.778486736
Chile,CHL,1989,1.644787763,34.27833739,13215005,10987352,83.143,1.800064711
Chile,CHL,1990,1.667226756,34.3518534,13437176,11189271,83.271,1.821057968
Chile,CHL,1991,1.66290008,34.42700895,13662491,11394244,83.398,1.815294286
Chile,CHL,1992,1.6124461,34.53310101,13884577,11602508,83.564,1.811296603
Chile,CHL,1993,1.555754703,34.71018437,14102276,11831245,83.896,1.952263173
Chile,CHL,1994,1.505947204,34.90655657,14316256,12057580,84.223,1.894959445
Chile,CHL,1995,1.463953874,35.11878707,14527381,12282174,84.545,1.845543507
Chile,CHL,1996,1.412565671,35.35147101,14734046,12503459,84.861,1.785638315
Chile,CHL,1997,1.337475544,35.6104035,14932434,12718253,85.172,1.703287968
Chile,CHL,1998,1.299841892,35.88575575,15127799,12930789,85.477,1.657300609
Chile,CHL,1999,1.258027532,36.17835865,15319313,13140600,85.778,1.609546231
Chile,CHL,2000,1.196019259,36.4970086,15503635,13344444,86.073,1.539344433
Chile,CHL,2001,1.155694418,36.83122045,15683849,13545043,86.363,1.492053169
Chile,CHL,2002,1.103791863,37.10182764,15857925,13733915,86.606,1.384767102
Chile,CHL,2003,1.04651515,37.00818584,16024752,13887851,86.665,1.114610801
Chile,CHL,2004,1.009381639,36.92888793,16187322,14038455,86.725,1.078592063
Chile,CHL,2005,0.992481123,36.85518881,16348778,14187960,86.783,1.059336782
Chile,CHL,2006,0.976434393,36.78794151,16509195,14336915,86.842,1.044396191
Chile,CHL,2007,0.978803488,36.71994876,16671581,14487604,86.9,1.045570771
Chile,CHL,2008,0.99913787,36.64502285,16838988,14643016,86.959,1.0670111
Chile,CHL,2009,1.008868006,36.56589866,17009731,14801358,87.017,1.075543507
Chile,CHL,2010,1.004553624,36.48891619,17181464,14960588,87.074,1.070034327
Chile,CHL,2011,0.986604121,36.41863192,17351816,15118984,87.132,1.053189614
Chile,CHL,2012,0.959562935,36.35871187,17519119,15274745,87.189,1.024963825
Chile,CHL,2013,0.953744683,36.30020819,17687006,15431205,87.246,1.019094697
Chile,CHL,2014,0.99681846,36.2265862,17864195,15595978,87.303,1.062130255
Chile,CHL,2015,1.021566689,36.14416855,18047625,15766405,87.36,1.086835
Chile,CHL,2016,1.209415437,35.99425988,18267221,15969570,87.422,1.280362588
Chile,CHL,2017,1.583948258,35.71097116,18558868,16237154,87.49,1.661703669
Chile,CHL,2018,1.785385849,35.35861676,18893191,16543634,87.564,1.869930219
Chile,CHL,2019,1.599117953,35.02242764,19197744,16825479,87.643,1.689296941
Chile,CHL,2020,0.896491954,34.93549304,19370624,16993267,87.727,0.992286212
Chile,CHL,2021,0.441498091,35.0096529,19456334,17085969,87.817,0.54403936
Chile,CHL,2022,0.495789591,35.06841086,19553036,17189465,87.912,0.603909579
Chile,CHL,2023,0.53962871,35.11597712,19658835,17302134,88.012,0.653315033
Colombia,COL,1970,2.529540722,27.79386215,20811782,11786753,56.635,3.876978986
Colombia,COL,1971,2.408392825,28.5629325,21319096,12235029,57.39,3.732679341
Colombia,COL,1972,2.320375581,29.38258663,21819563,12686549,58.143,3.623923119
Colombia,COL,1973,2.291692644,30.23154282,22325374,13147413,58.89,3.56827109
Colombia,COL,1974,2.250351905,30.62796547,22833469,13610346,59.607,3.460522959
Colombia,COL,1975,2.21401806,30.81393317,23344644,14078221,60.306,3.379875449
Colombia,COL,1976,2.178596237,31.01353756,23858810,14554590,61.003,3.327741447
Colombia,COL,1977,2.216291624,31.200557,24393494,15049078,61.693,3.341031907
Colombia,COL,1978,2.257087172,31.37745594,24950337,15563771,62.379,3.362911471
Colombia,COL,1979,2.240371968,31.5609619,25515626,16090409,63.061,3.327753862
Colombia,COL,1980,2.281658784,31.73399849,26104498,16638485,63.738,3.349500538
Colombia,COL,1981,2.305269674,31.89829982,26713267,17205481,64.408,3.350961027
Colombia,COL,1982,2.312944996,32.06257544,27338331,17789872,65.073,3.340131075
Colombia,COL,1983,2.349224474,32.21634367,27988173,18397466,65.733,3.358363114
Colombia,COL,1984,2.311623418,32.38462589,28642690,19015023,66.387,3.301641321
Colombia,COL,1985,2.161256512,32.60057666,29268470,19619826,67.034,3.131123465
Colombia,COL,1986,2.064881356,32.79367539,29879112,20188121,67.566,2.855377652
Colombia,COL,1987,2.05495671,32.96840564,30499467,20755192,68.051,2.770207013
Colombia,COL,1988,2.04796089,33.14853936,31130524,21334371,68.532,2.752300189
Colombia,COL,1989,2.053125109,33.32652952,31776279,21928175,69.008,2.74529055
Colombia,COL,1990,2.067428821,33.50284797,32440069,22539684,69.481,2.750514936
Colombia,COL,1991,2.008974063,33.70077235,33098372,23151980,69.949,2.680281704
Colombia,COL,1992,1.980948621,33.9115621,33760571,23772506,70.415,2.644939679
Colombia,COL,1993,1.996786559,34.11680447,34441473,24410050,70.874,2.646522992
Colombia,COL,1994,1.972028872,34.33095409,35127410,25055679,71.328,2.610557568
Colombia,COL,1995,1.909637099,34.56714659,35804662,25699512,71.777,2.537149497
Colombia,COL,1996,1.821294601,34.83742104,36462745,26334488,72.223,2.440740754
Colombia,COL,1997,1.78958067,35.11889947,37121149,26972969,72.662,2.395580543
Colombia,COL,1998,1.791494491,35.40370074,37792165,27625317,73.098,2.389741851
Colombia,COL,1999,1.738335789,35.71025594,38454863,28275861,73.53,2.327583758
Colombia,COL,2000,1.63798275,36.05739012,39089934,28909742,73.957,2.217015927
Colombia,COL,2001,1.571946884,36.42980824,39709262,29535352,74.379,2.140928701
Colombia,COL,2002,1.537922822,36.82039634,40324680,30161651,74.797,2.098336427
Colombia,COL,2003,1.508109059,37.2267467,40937429,30789450,75.211,2.060081581
Colombia,COL,2004,1.468837255,37.65419592,41543171,31414946,75.62,2.01116681
Colombia,COL,2005,1.400264212,38.0990832,42128977,32028133,76.024,1.933090589
Colombia,COL,2006,1.32542991,38.48699649,42691084,32625807,76.423,1.848892815
Colombia,COL,2007,1.266890996,38.90258241,43235374,33211685,76.816,1.779817086
Colombia,COL,2008,1.203391548,39.34987672,43758808,33783550,77.204,1.70722258
Colombia,COL,2009,1.164913701,39.81604345,44271541,34348961,77.587,1.659777313
Colombia,COL,2010,1.135968364,40.30168934,44777319,34910189,77.964,1.620696427
Colombia,COL,2011,1.071337277,40.82063758,45259614,35454119,78.335,1.546070302
Colombia,COL,2012,1.002907827,41.37693284,45715810,35978800,78.701,1.469043806
Colombia,COL,2013,0.948709329,41.96185986,46151584,36487904,79.061,1.40509323
Colombia,COL,2014,0.892711564,42.58132143,46565429,36979935,79.415,1.339465985
Colombia,COL,2015,0.864942377,43.22298687,46969940,37465103,79.764,1.303444479
Colombia,COL,2016,0.990548549,43.82174807,47437512,38001242,80.108,1.420893036
Colombia,COL,2017,1.451477262,44.22269537,48131078,38719527,80.446,1.872520302
Colombia,COL,2018,1.839137849,44.45573042,49024465,39600982,80.778,2.250986951
Colombia,COL,2019,1.786155077,44.31022811,49907985,40477372,81.104,2.188918599
Colombia,COL,2020,1.436321673,44.2970439,50629997,41225475,81.425,1.831328859
Colombia,COL,2021,1.096428254,44.40370044,51188173,41841213,81.74,1.482542022
Colombia,COL,2022,1.068292955,44.48976751,51737944,42450983,82.05,1.446825841
Colombia,COL,2023,1.120928643,44.51831451,52321152,43088562,82.354,1.490750991
Ecuador,ECU,1970,2.970403843,19.82671439,6155387,2417713,39.278,4.339292622
Ecuador,ECU,1971,2.955933694,20.10308433,6340052,2524165,39.813,4.308826295
Ecuador,ECU,1972,2.937202942,20.38842193,6529034,2634596,40.352,4.281953459
Ecuador,ECU,1973,2.913163882,20.68035072,6722033,2748774,40.892,4.242514453
Ecuador,ECU,1974,2.881889595,20.98620626,6918573,2868233,41.457,4.254116663
Ecuador,ECU,1975,2.845251469,21.33251553,7118251,3015505,42.363,5.007115129
Ecuador,ECU,1976,2.80728612,21.69414139,7320912,3168198,43.276,4.939565999
Ecuador,ECU,1977,2.773759862,22.06659945,7526819,3326177,44.191,4.866062443
Ecuador,ECU,1978,2.74338363,22.45369057,7736167,3489862,45.111,4.803859745
Ecuador,ECU,1979,2.712330909,22.85471053,7948869,3659182,46.034,4.737743128
Ecuador,ECU,1980,2.693447594,23.26873158,8165877,3834777,46.961,4.687165933
Ecuador,ECU,1981,2.670802672,23.69275454,8386910,4016323,47.888,4.625552294
Ecuador,ECU,1982,2.640290496,24.13336526,8611298,4203863,48.818,4.563705703
Ecuador,ECU,1983,2.625898547,24.37276432,8840417,4389974,49.658,4.331944005
Ecuador,ECU,1984,2.616531034,24.46888531,9074782,4577139,50.438,4.175082593
Ecuador,ECU,1985,2.571367852,24.5744405,9311154,4768708,51.215,4.100127822
Ecuador,ECU,1986,2.490897273,24.70133558,9545998,4963251,51.993,3.99855609
Ecuador,ECU,1987,2.41448752,24.8478775,9779290,5160434,52.769,3.895971491
Ecuador,ECU,1988,2.339842508,25.01498381,10010808,5360387,53.546,3.801548949
Ecuador,ECU,1989,2.281715328,25.19577514,10241852,5563169,54.318,3.713173595
Ecuador,ECU,1990,2.238231257,25.38994677,10473673,5769946,55.09,3.64948118
Ecuador,ECU,1991,2.160137143,25.53377847,10702380,5962189,55.709,3.27749738
Ecuador,ECU,1992,2.105686637,25.64485979,10930128,6145574,56.226,3.029445241
Ecuador,ECU,1993,2.029972984,25.77434444,11154274,6328935,56.74,2.939982762
Ecuador,ECU,1994,1.934877404,25.9302666,11372197,6511038,57.254,2.836691496
Ecuador,ECU,1995,1.901548806,26.09603854,11590514,6695376,57.766,2.791824837
Ecuador,ECU,1996,1.884006233,26.26864054,11810950,6883067,58.277,2.764719862
Ecuador,ECU,1997,1.847014078,26.45053119,12031127,7072498,58.785,2.714940391
Ecuador,ECU,1998,1.812537732,26.64403702,12251184,7263850,59.291,2.66962499
Ecuador,ECU,1999,1.776692529,26.84880956,12470795,7457037,59.796,2.624815902
Ecuador,ECU,2000,1.736220015,27.06728065,12689206,7651464,60.299,2.573885175
Ecuador,ECU,2001,1.730781231,27.28734372,12910740,7849601,60.799,2.55657004
Ecuador,ECU,2002,1.748519702,27.35334063,13138472,8029971,61.118,2.271821402
Ecuador,ECU,2003,1.764113179,27.31291073,13372306,8199363,61.316,2.087555183
Ecuador,ECU,2004,1.752351565,27.27635062,13608701,8371256,61.514,2.074746465
Ecuador,ECU,2005,1.729878696,27.24477532,13846163,8544606,61.711,2.049627369
Ecuador,ECU,2006,1.718254175,27.21701225,14086131,8720301,61.907,2.0353549
Ecuador,ECU,2007,1.707891732,27.19209803,14328773,8898741,62.104,2.025605038
Ecuador,ECU,2008,1.705197788,27.16856343,14575202,9080351,62.3,2.02030422
Ecuador,ECU,2009,1.705770208,27.14369005,14825954,9265480,62.495,2.018281802
Ecuador,ECU,2010,1.677088053,27.1272318,15076695,9451580,62.69,1.988625702
Ecuador,ECU,2011,1.641536977,27.1502634,15326227,9632687,62.851,1.898028748
Ecuador,ECU,2012,1.592134406,27.2084974,15572194,9808614,62.988,1.809876842
Ecuador,ECU,2013,1.497408961,27.29137766,15807128,9978250,63.125,1.714674505
Ecuador,ECU,2014,1.432058866,27.39312774,16035124,10143980,63.261,1.647270184
Ecuador,ECU,2015,1.430930598,27.49561745,16266225,10312461,63.398,1.647254375
Ecuador,ECU,2016,1.458091478,27.59170947,16505139,10486375,63.534,1.672382564
Ecuador,ECU,2017,1.52946084,27.66705297,16759519,10670786,63.67,1.74329316
Ecuador,ECU,2018,1.71572391,27.69101725,17049547,10881191,63.821,1.952597527
Ecuador,ECU,2019,1.689354796,27.64648324,17340021,11095186,63.986,1.94756182
Ecuador,ECU,2020,1.181252582,27.74400414,17546065,11258608,64.166,1.462167107
Ecuador,ECU,2021,0.774314024,27.95716024,17682454,11380604,64.361,1.077751124
Ecuador,ECU,2022,0.796723652,28.16808804,17823897,11508890,64.57,1.120927734
Ecuador,ECU,2023,0.872456027,28.36172113,17980083,11649655,64.792,1.215678564
Guyana,GUY,1970,1.79224398,,702705,206771,29.425,1.98256482
Guyana,GUY,1971,1.407008113,,712662,210470,29.533,1.773122446
Guyana,GUY,1972,1.248727251,,721617,213894,29.641,1.613744005
Guyana,GUY,1973,1.173903014,,730138,217216,29.75,1.541168497
Guyana,GUY,1974,1.078750002,,738057,220369,29.858,1.441116386
Guyana,GUY,1975,0.989053868,,745393,223372,29.967,1.353512903
Guyana,GUY,1976,0.916110747,,752253,226248,30.076,1.27931997
Guyana,GUY,1977,0.847310694,,758654,229007,30.186,1.212082801
Guyana,GUY,1978,0.778870039,,764586,231631,30.295,1.139301744
Guyana,GUY,1979,0.713652022,,770062,234137,30.405,1.076082591
Guyana,GUY,1980,0.557489033,,774367,236089,30.488,0.830243846
Guyana,GUY,1981,0.269019133,,776453,236011,30.396,-0.033043847
Guyana,GUY,1982,0.033351254,,776712,235383,30.305,-0.266443939
Guyana,GUY,1983,-0.105757889,,775891,234435,30.215,-0.403561075
Guyana,GUY,1984,-0.229677224,,774111,233193,30.124,-0.531192709
Guyana,GUY,1985,-0.340841486,,771477,231698,30.033,-0.643163732
Guyana,GUY,1986,-0.438953013,,768098,229992,29.943,-0.739027384
Guyana,GUY,1987,-0.519248428,,764120,228113,29.853,-0.82034055
Guyana,GUY,1988,-0.584993101,,759663,226098,29.763,-0.887258661
Guyana,GUY,1989,-0.633598857,,754865,223991,29.673,-0.936266112
Guyana,GUY,1990,-0.660706211,,749894,221841,29.583,-0.964496343
Guyana,GUY,1991,-0.271473138,,747861,220567,29.493,-0.575940544
Guyana,GUY,1992,0.273740099,,749911,220504,29.404,-0.02856683
Guyana,GUY,1993,0.406421315,,752965,220732,29.315,0.103346064
Guyana,GUY,1994,0.378715275,,755822,220897,29.226,0.074723357
Guyana,GUY,1995,0.338922931,,758388,220972,29.137,0.033946713
Guyana,GUY,1996,0.281517112,,760526,220918,29.048,-0.024440472
Guyana,GUY,1997,0.225772717,,762245,220739,28.959,-0.081058382
Guyana,GUY,1998,0.175773116,,763586,220455,28.871,-0.128741569
Guyana,GUY,1999,0.117403089,,764483,220033,28.782,-0.191605732
Guyana,GUY,2000,0.04564135,,764832,219461,28.694,-0.260299491
Guyana,GUY,2001,-0.046426197,,764477,218686,28.606,-0.353762919
Guyana,GUY,2002,-0.107975188,,763652,217778,28.518,-0.416071571
Guyana,GUY,2003,-0.072179327,,763101,216011,28.307,-0.814686298
Guyana,GUY,2004,-0.089543302,,762418,213965,28.064,-0.951688207
Guyana,GUY,2005,-0.197461944,,760914,211701,27.822,-1.063754845
Guyana,GUY,2006,-0.256336167,,758966,209338,27.582,-1.122473125
Guyana,GUY,2007,-0.277736358,,756861,206949,27.343,-1.147778445
Guyana,GUY,2008,-0.29838583,,754606,204536,27.105,-1.172838699
Guyana,GUY,2009,-0.333444259,,752094,202080,26.869,-1.208034051
Guyana,GUY,2010,-0.378060197,,749256,199557,26.634,-1.25637488
Guyana,GUY,2011,-0.415004116,,746153,196984,26.4,-1.297740264
Guyana,GUY,2012,0.018091167,,746288,197020,26.4,0.018273926
Guyana,GUY,2013,0.498962145,,750021,198006,26.4,0.499208684
Guyana,GUY,2014,0.559482929,,754229,199222,26.414,0.612244755
Guyana,GUY,2015,0.601716279,,758781,200629,26.441,0.703765056
Guyana,GUY,2016,0.626279284,,763548,202203,26.482,0.781471189
Guyana,GUY,2017,0.643724559,,768479,203939,26.538,0.854878625
Guyana,GUY,2018,2.958739191,,791556,210601,26.606,3.214441851
Guyana,GUY,2019,2.014674003,,807665,215558,26.689,2.326466684
Guyana,GUY,2020,-0.022784318,,807481,216292,26.786,0.339933174
Guyana,GUY,2021,0.985982406,,815482,219340,26.897,1.399369073
Guyana,GUY,2022,0.751934221,,821637,222023,27.022,1.215794278
Guyana,GUY,2023,0.572335132,,826353,224454,27.162,1.08898063
Paraguay,PRY,1970,2.245945576,23.16116059,2388028,885123,37.065,2.692156508
Paraguay,PRY,1971,2.256933248,23.45778181,2442537,909357,37.23,2.701113795
Paraguay,PRY,1972,2.320587751,23.74421022,2499881,934855,37.396,2.76536807
Paraguay,PRY,1973,2.419450388,23.95781191,2561102,971067,37.916,3.800402989
Paraguay,PRY,1974,2.487980488,24.15676139,2625621,1009473,38.447,3.878822454
Paraguay,PRY,1975,2.483620594,24.35838564,2691648,1049231,38.981,3.86291024
Paraguay,PRY,1976,2.465520621,24.56731752,2758836,1090237,39.518,3.83375889
Paraguay,PRY,1977,2.471634094,24.77422969,2827874,1132733,40.056,3.823819293
Paraguay,PRY,1978,2.493344367,24.97860668,2899269,1177045,40.598,3.837376361
Paraguay,PRY,1979,2.543845181,25.17195881,2973968,1223520,41.141,3.872488997
Paraguay,PRY,1980,2.63045962,25.34600186,3053235,1272833,41.688,3.951317448
Paraguay,PRY,1981,2.725776706,25.49458122,3137604,1325167,42.235,4.029336444
Paraguay,PRY,1982,2.784211315,25.63027151,3226189,1380325,42.785,4.078048946
Paraguay,PRY,1983,2.808112136,25.83039287,3318068,1443758,43.512,4.493045771
Paraguay,PRY,1984,2.819023209,26.03271787,3412936,1510122,44.247,4.494100587
Paraguay,PRY,1985,2.823426938,26.23284836,3510671,1579205,44.983,4.473111359
Paraguay,PRY,1986,2.830881196,26.43388821,3611474,1651238,45.722,4.460375375
Paraguay,PRY,1987,2.82327996,26.63848099,3714889,1726049,46.463,4.430967199
Paraguay,PRY,1988,2.804454549,26.85105741,3820546,1803565,47.207,4.393028015
Paraguay,PRY,1989,2.768663755,27.07234224,3927802,1883342,47.949,4.328259651
Paraguay,PRY,1990,2.711143281,27.3124901,4035747,1965167,48.694,4.252937074
Paraguay,PRY,1991,2.655792424,27.57002039,4144364,2048932,49.439,4.17414528
Paraguay,PRY,1992,2.601634427,27.84643596,4253600,2134712,50.186,4.101306118
Paraguay,PRY,1993,2.532453168,28.36576282,4362696,2218169,50.844,3.835033783
Paraguay,PRY,1994,2.461514574,28.95936568,4471417,2302243,51.488,3.720178432
Paraguay,PRY,1995,2.395127852,29.58503046,4579806,2387499,52.131,3.636250941
Paraguay,PRY,1996,2.325192544,30.24723187,4687543,2473804,52.774,3.551067238
Paraguay,PRY,1997,2.254250849,30.94235539,4794412,2560887,53.414,3.459663595
Paraguay,PRY,1998,2.178923407,31.67926694,4900025,2648660,54.054,3.370016888
Paraguay,PRY,1999,2.082440881,32.46504442,5003135,2736365,54.693,3.257654556
Paraguay,PRY,2000,1.934600538,33.32162291,5100868,2822361,55.331,3.094337141
Paraguay,PRY,2001,1.68775973,34.28102571,5187689,2903342,55.966,2.828871856
Paraguay,PRY,2002,1.409514774,35.36854193,5261328,2977912,56.6,2.535989653
Paraguay,PRY,2003,1.229888024,36.56925569,5326436,3034843,56.977,1.893730956
Paraguay,PRY,2004,1.1524391,37.84513309,5388175,3087694,57.305,1.726484063
Paraguay,PRY,2005,1.105963578,39.17878114,5448097,3139902,57.633,1.676705525
Paraguay,PRY,2006,1.041728108,40.58804595,5505148,3190784,57.96,1.607506538
Paraguay,PRY,2007,0.980401605,42.07380096,5559386,3240344,58.286,1.541284238
Paraguay,PRY,2008,0.969992283,43.62122954,5613574,3290228,58.612,1.527736628
Paraguay,PRY,2009,1.021949007,44.37785696,5671236,3342456,58.937,1.574900282
Paraguay,PRY,2010,1.169858012,45.08259104,5737971,3400379,59.261,1.718102989
Paraguay,PRY,2011,1.327080396,45.72656952,5814626,3464587,59.584,1.870653762
Paraguay,PRY,2012,1.406863616,46.34450216,5897008,3532721,59.907,1.947496193
Paraguay,PRY,2013,1.438424364,46.95242497,5982445,3601252,60.197,1.921316723
Paraguay,PRY,2014,1.449812057,47.56469353,6069811,3670658,60.474,1.908937477
Paraguay,PRY,2015,1.460368221,48.17985671,6159103,3741655,60.75,1.915708937
Paraguay,PRY,2016,1.451046391,48.80752924,6249126,3813592,61.026,1.904350024
Paraguay,PRY,2017,1.422577567,49.45745631,6338660,3885599,61.3,1.870562754
Paraguay,PRY,2018,1.389991173,50.13237116,6427382,3958303,61.585,1.853824338
Paraguay,PRY,2019,1.35488117,50.33201546,6515058,4031453,61.879,1.831145882
Paraguay,PRY,2020,1.35198907,50.52534632,6603739,4106403,62.183,1.842060595
Paraguay,PRY,2021,1.210783579,50.78121751,6684182,4177346,62.496,1.712865382
Paraguay,PRY,2022,1.134768719,51.06624338,6760464,4246788,62.818,1.648681584
Paraguay,PRY,2023,1.23021616,51.29216998,6844146,4322010,63.149,1.755763933
Peru,PER,1970,2.508530741,22.07479952,13501237,7750520,57.406,4.437971721
Peru,PER,1971,2.464196193,22.71536191,13838067,8094716,58.496,4.345156524
Peru,PER,1972,2.653301408,23.30342536,14210147,8461716,59.547,4.43404868
Peru,PER,1973,2.58910596,23.55302287,14582867,8777136,60.188,3.65981686
Peru,PER,1974,2.530211822,23.82051692,14956552,9097622,60.827,3.586290216
Peru,PER,1975,2.492031621,24.10025018,15333957,9424403,61.461,3.528932846
Peru,PER,1976,2.466099567,24.39081623,15716809,9759038,62.093,3.489144084
Peru,PER,1977,2.469737833,24.68150765,16109806,10103909,62.719,3.472854868
Peru,PER,1978,2.49050254,24.97173206,16516059,10461437,63.341,3.477345102
Peru,PER,1979,2.493940916,25.26450057,16933139,10830436,63.96,3.466448905
Peru,PER,1980,2.495078416,25.56170172,17360949,11210659,64.574,3.450470341
Peru,PER,1981,2.490794658,25.86089909,17798805,11601617,65.182,3.42794628
Peru,PER,1982,2.484212502,25.90787944,18246503,11971531,65.61,3.138692953
Peru,PER,1983,2.486858405,25.94624803,18705957,12351730,66.031,3.126471975
Peru,PER,1984,2.475050691,25.98868218,19174716,12741407,66.449,3.106094937
Peru,PER,1985,2.439339846,26.03859874,19648204,13137575,66.864,3.061936143
Peru,PER,1986,2.35853586,26.11064346,20117122,13534196,67.277,2.974307471
Peru,PER,1987,2.286116161,26.20185674,20582320,13931555,67.687,2.893689139
Peru,PER,1988,2.269145325,26.29880489,21054702,14337199,68.095,2.87010772
Peru,PER,1989,2.244364685,26.40073611,21532589,14749608,68.499,2.835901782
Peru,PER,1990,2.21460822,26.5119133,22014771,15168397,68.901,2.799761253
Peru,PER,1991,2.108030082,26.65195235,22483775,15581256,69.3,2.685453467
Peru,PER,1992,2.036450869,26.81288606,22946340,15992911,69.697,2.607690819
Peru,PER,1993,2.016641939,26.97817777,23413783,16410486,70.089,2.577495919
Peru,PER,1994,1.977894145,27.00241145,23881493,16841468,70.521,2.592365766
Peru,PER,1995,1.938364678,27.03303173,24348919,17275802,70.951,2.546261563
Peru,PER,1996,1.880654101,27.08007615,24811171,17709470,71.377,2.479273071
Peru,PER,1997,1.848802027,27.13431239,25274147,18146332,71.798,2.436892187
Peru,PER,1998,1.819017453,27.19752181,25738095,18587023,72.216,2.399520243
Peru,PER,1999,1.727197344,27.28592561,26186504,19019520,72.631,2.300217116
Peru,PER,2000,1.560430591,27.42107766,26598331,19427953,73.042,2.124708509
Peru,PER,2001,1.367646226,27.60851533,26964601,19804960,73.448,1.921950609
Peru,PER,2002,1.193006558,27.84661233,27288217,20152348,73.85,1.738839628
Peru,PER,2003,1.065364141,28.12263306,27580490,20478238,74.249,1.604195366
Peru,PER,2004,0.980296012,28.42636432,27852190,20789989,74.644,1.510881146
Peru,PER,2005,0.889996951,28.75770697,28101180,21085439,75.034,1.41111347
Peru,PER,2006,0.791526842,29.122398,28324491,21362614,75.421,1.305967741
Peru,PER,2007,0.725382869,29.51122929,28530699,21627126,75.803,1.230597524
Peru,PER,2008,0.657968681,29.89646138,28719041,21841405,76.052,0.985912019
Peru,PER,2009,0.617089075,30.28417911,28896811,22031218,76.241,0.865296722
Peru,PER,2010,0.652636898,30.66682656,29086019,22230444,76.43,0.900225326
Peru,PER,2011,0.746934823,31.02503862,29304086,22451912,76.617,0.991307681
Peru,PER,2012,0.836916934,31.36003121,29550366,22695863,76.804,1.080688358
Peru,PER,2013,0.901339196,31.67655999,29817919,22956518,76.989,1.141924372
Peru,PER,2014,0.994129279,31.96744795,30115826,23241286,77.173,1.232836118
Peru,PER,2015,1.128473819,32.21769608,30457600,23561086,77.357,1.366618672
Peru,PER,2016,1.333570651,32.4042277,30866494,23933571,77.539,1.56856649
Peru,PER,2017,1.473365351,32.5445974,31324637,24345508,77.72,1.706523843
Peru,PER,2018,1.812535772,32.57490285,31897584,24850451,77.907,2.052854515
Peru,PER,2019,1.714869348,32.52677569,32449303,25342581,78.099,1.961012321
Peru,PER,2020,1.192504953,32.64205799,32838579,25711622,78.297,1.44570831
Peru,PER,2021,0.961612354,32.82300558,33155882,26027367,78.5,1.220545379
Peru,PER,2022,0.959183909,32.99316651,33475438,26347848,78.708,1.223804045
Peru,PER,2023,1.099753208,33.10438099,33845617,26711638,78.922,1.371274876
Suriname,SUR,1970,3.359606802,,379442,174346,45.948,2.856065419
Suriname,SUR,1971,3.238660287,,391932,179176,45.716,2.73267325
Suriname,SUR,1972,1.388768686,,397413,185830,46.76,3.646371429
Suriname,SUR,1973,-0.413775435,,395772,194273,49.087,4.443210907
Suriname,SUR,1974,-0.53100519,,393676,202432,51.421,4.113964133
Suriname,SUR,1975,-0.638598787,,391170,210250,53.749,3.789327117
Suriname,SUR,1976,-0.739234038,,388289,217690,56.064,3.477473356
Suriname,SUR,1977,-0.83325626,,385067,224671,58.346,3.156507748
Suriname,SUR,1978,-0.930125195,,381502,231179,60.597,2.855519233
Suriname,SUR,1979,-1.027536231,,377602,237145,62.803,2.547946618
Suriname,SUR,1980,-0.590987657,,375377,243845,64.96,2.786100914
Suriname,SUR,1981,0.02184232,,375459,244180,65.035,0.13728807
Suriname,SUR,1982,0.291484142,,376555,245175,65.11,0.406658304
Suriname,SUR,1983,0.58016768,,378746,246882,65.184,0.693824841
Suriname,SUR,1984,0.905992091,,382193,249415,65.259,1.02076861
Suriname,SUR,1985,1.242662237,,386972,252824,65.334,1.357541869
Suriname,SUR,1986,1.375098339,,392330,256615,65.408,1.488331274
Suriname,SUR,1987,1.160875182,,396911,259909,65.483,1.275466254
Suriname,SUR,1988,1.330453167,,402227,263688,65.557,1.443501632
Suriname,SUR,1989,1.52525174,,408409,268047,65.632,1.63957522
Suriname,SUR,1990,0.995011267,,412493,271033,65.706,1.107824641
Suriname,SUR,1991,0.609060911,,415013,272996,65.78,0.721655838
Suriname,SUR,1992,0.618785018,,417589,274999,65.854,0.731031823
Suriname,SUR,1993,0.421296748,,419352,276470,65.928,0.533485468
Suriname,SUR,1994,0.718288233,,422375,278776,66.002,0.830627599
Suriname,SUR,1995,1.697496454,,429606,283866,66.076,1.809370386
Suriname,SUR,1996,2.124358476,,438830,290286,66.15,2.236434807
Suriname,SUR,1997,2.083068046,,448067,296723,66.223,2.193239978
Suriname,SUR,1998,2.062862432,,457406,303246,66.297,2.174531363
Suriname,SUR,1999,2.057797085,,466916,309897,66.371,2.16956269
Suriname,SUR,2000,2.061841303,,476643,316701,66.444,2.17181269
Suriname,SUR,2001,2.059244093,,486560,323645,66.517,2.168912498
Suriname,SUR,2002,2.032597331,,496551,330658,66.591,2.143737251
Suriname,SUR,2003,1.966831933,,506414,337596,66.664,2.076530571
Suriname,SUR,2004,1.471893221,,513923,342977,66.737,1.581347521
Suriname,SUR,2005,1.043333545,,519313,346288,66.682,0.960740925
Suriname,SUR,2006,1.088576405,,524997,349727,66.615,0.988205135
Suriname,SUR,2007,1.139960433,,531016,353375,66.547,1.037696589
Suriname,SUR,2008,1.166207621,,537245,357155,66.479,1.064004521
Suriname,SUR,2009,1.170058491,,543568,360994,66.412,1.069147647
Suriname,SUR,2010,1.16234547,,549923,364841,66.344,1.060030454
Suriname,SUR,2011,1.147372177,,556269,368673,66.276,1.044843005
Suriname,SUR,2012,1.137556037,,562633,372508,66.208,1.034844181
Suriname,SUR,2013,1.128803232,,569020,376350,66.14,1.026104738
Suriname,SUR,2014,1.110294324,,575373,380258,66.089,1.033040823
Suriname,SUR,2015,1.081082266,,581627,384200,66.056,1.031328063
Suriname,SUR,2016,1.048424837,,587757,388155,66.04,1.024149405
Suriname,SUR,2017,1.008244044,,593713,392094,66.041,1.009686258
Suriname,SUR,2018,0.972162135,,599513,396038,66.06,1.000855928
Suriname,SUR,2019,1.037941551,,605768,400382,66.095,1.090892514
Suriname,SUR,2020,1.075304778,,612317,405042,66.149,1.157167405
Suriname,SUR,2021,0.907003624,,617896,409165,66.219,1.012773224
Suriname,SUR,2022,0.848956801,,623164,413201,66.307,0.981565971
Suriname,SUR,2023,0.914027369,,628886,417649,66.411,1.070720947
Uruguay,URY,1970,0.604985222,48.81369439,2790807,2298732,82.368,0.852965236
Uruguay,URY,1971,0.559381399,48.82599515,2806462,2317296,82.57,0.804332213
Uruguay,URY,1972,0.53950785,48.84836641,2821644,2335503,82.771,0.782629679
Uruguay,URY,1973,0.547434143,48.86612647,2837133,2353969,82.97,0.78755542
Uruguay,URY,1974,0.590786204,48.86304707,2853944,2373540,83.167,0.827967194
Uruguay,URY,1975,0.641816831,48.84246881,2872320,2395141,83.387,0.905959016
Uruguay,URY,1976,0.661798147,48.87102821,2891392,2423160,83.806,1.163037172
Uruguay,URY,1977,0.62297936,48.91761739,2909461,2450203,84.215,1.109840477
Uruguay,URY,1978,0.55710546,48.99701441,2925715,2475623,84.616,1.032120325
Uruguay,URY,1979,0.483769235,49.11250473,2939903,2499182,85.009,0.947139682
Uruguay,URY,1980,0.409039759,49.2655879,2951953,2520791,85.394,0.860926283
Uruguay,URY,1981,0.381830391,49.43160305,2963246,2541546,85.769,0.819981613
Uruguay,URY,1982,0.412411437,49.58353106,2975492,2563029,86.138,0.841720489
Uruguay,URY,1983,0.445520474,49.71945056,2988778,2585233,86.498,0.862587711
Uruguay,URY,1984,0.457667008,49.8501576,3002488,2607661,86.85,0.863801166
Uruguay,URY,1985,0.483394565,49.96740179,3017037,2630675,87.194,0.87868163
Uruguay,URY,1986,0.522589894,49.99863165,3032845,2655498,87.558,0.939174047
Uruguay,URY,1987,0.560636879,49.98039277,3049896,2681652,87.926,0.98008148
Uruguay,URY,1988,0.590567988,49.94757104,3067961,2708549,88.285,0.998004462
Uruguay,URY,1989,0.594521021,49.91211031,3086255,2735440,88.633,0.98792333
Uruguay,URY,1990,0.58630446,49.88108825,3104403,2762080,88.973,0.969171864
Uruguay,URY,1991,0.576577815,49.85494918,3122354,2788387,89.304,0.947927336
Uruguay,URY,1992,0.554068644,49.84039887,3139702,2814021,89.627,0.91511289
Uruguay,URY,1993,0.528682164,49.8378029,3156345,2838817,89.94,0.877299475
Uruguay,URY,1994,0.521048221,49.83935497,3172834,2863324,90.245,0.859577162
Uruguay,URY,1995,0.522015798,49.84044221,3189440,2887783,90.542,0.850589198
Uruguay,URY,1996,0.52797568,49.8137119,3206324,2912464,90.835,0.85103786
Uruguay,URY,1997,0.529453064,49.57545655,3223345,2937982,91.147,0.872349282
Uruguay,URY,1998,0.493144265,49.35630757,3239280,2962322,91.45,0.825046915
Uruguay,URY,1999,0.453853561,49.15739479,3254015,2985331,91.743,0.77372082
Uruguay,URY,2000,0.373944816,48.99850163,3266206,3005824,92.028,0.684111158
Uruguay,URY,2001,0.246007398,48.9025429,3274251,3022232,92.303,0.544389121
Uruguay,URY,2002,0.140879525,48.85815741,3278867,3035214,92.569,0.428630148
Uruguay,URY,2003,0.070700651,48.84809944,3281186,3045859,92.828,0.350103045
Uruguay,URY,2004,0.059777582,48.84339664,3283148,3055888,93.078,0.328725823
Uruguay,URY,2005,0.079860937,49.0825441,3285771,3066249,93.319,0.338476904
Uruguay,URY,2006,0.113607393,49.3073124,3289506,3077432,93.553,0.364049252
Uruguay,URY,2007,0.171519934,49.50443879,3295153,3090162,93.779,0.412803374
Uruguay,URY,2008,0.212934707,49.68216422,3302177,3103980,93.998,0.446164228
Uruguay,URY,2009,0.239373352,49.84657522,3310091,3118404,94.209,0.463617348
Uruguay,URY,2010,0.256129913,50.0035256,3318580,3133204,94.414,0.473479068
Uruguay,URY,2011,0.248141512,50.16497712,3326825,3147576,94.612,0.457650963
Uruguay,URY,2012,0.257451631,50.32264486,3335401,3159926,94.739,0.391597681
Uruguay,URY,2013,0.297452387,50.46062624,3345337,3172818,94.843,0.407154239
Uruguay,URY,2014,0.328187101,50.58343419,3356334,3186671,94.945,0.435664624
Uruguay,URY,2015,0.347483698,50.6967453,3368017,3201132,95.045,0.452769902
Uruguay,URY,2016,0.333941294,50.81719998,3379283,3215185,95.144,0.438040155
Uruguay,URY,2017,0.270549143,50.97024057,3388438,3227148,95.24,0.371387625
Uruguay,URY,2018,0.179744267,51.17017535,3394534,3236145,95.334,0.278403155
Uruguay,URY,2019,0.078683817,51.35690918,3397206,3241818,95.426,0.175147695
Uruguay,URY,2020,0.051852705,51.55647244,3398968,3246524,95.515,0.145060196
Uruguay,URY,2021,-0.066895609,51.81230579,3396695,3247342,95.603,0.025193005
Uruguay,URY,2022,-0.170369338,52.11702571,3390913,3244697,95.688,-0.081484419
Uruguay,URY,2023,-0.083552225,52.3717113,3388081,3244799,95.771,0.003143542
"Venezuela, RB",VEN,1970,3.099132594,33.13419022,11387790,8182355,71.852,4.404725427
"Venezuela, RB",VEN,1971,3.054594224,33.69599953,11741008,8543227,72.764,4.315879879
"Venezuela, RB",VEN,1972,3.005001069,33.89535489,12099180,8901972,73.575,4.113401995
"Venezuela, RB",VEN,1973,2.966965974,33.90876121,12463537,9263524,74.325,3.981171259
"Venezuela, RB",VEN,1974,2.939581959,33.93932897,12835351,9634600,75.063,3.927624788
"Venezuela, RB",VEN,1975,2.921688379,33.98255676,13215892,10015796,75.786,3.880266104
"Venezuela, RB",VEN,1976,2.911170002,34.03750061,13606284,10408263,76.496,3.843656318
"Venezuela, RB",VEN,1977,2.901203786,34.09976517,14006812,10811718,77.189,3.803053603
"Venezuela, RB",VEN,1978,2.884236431,34.17617394,14416684,11225983,77.868,3.760045623
"Venezuela, RB",VEN,1979,2.857290741,34.26888119,14834552,11650019,78.533,3.707680873
"Venezuela, RB",VEN,1980,2.815918872,34.38453298,15258218,12082220,79.185,3.642713954
"Venezuela, RB",VEN,1981,2.773303342,34.51936302,15687297,12521600,79.82,3.572020258
"Venezuela, RB",VEN,1982,2.732570685,34.41536635,16121874,12959085,80.382,3.434193355
"Venezuela, RB",VEN,1983,2.694630884,34.21990611,16562205,13399983,80.907,3.345635172
"Venezuela, RB",VEN,1984,2.660997543,34.04716406,17008841,13848939,81.422,3.29551849
"Venezuela, RB",VEN,1985,2.626140993,33.89422656,17461434,14305280,81.925,3.242007669
"Venezuela, RB",VEN,1986,2.612003189,33.75689373,17923536,14772220,82.418,3.211969003
"Venezuela, RB",VEN,1987,2.596216763,33.63457703,18394963,15249424,82.9,3.179334193
"Venezuela, RB",VEN,1988,2.555053484,33.53671927,18871020,15733147,83.372,3.122802878
"Venezuela, RB",VEN,1989,2.500924367,33.46431566,19348921,16220781,83.833,3.052343733
"Venezuela, RB",VEN,1990,2.440849387,33.42236676,19827010,16710997,84.284,2.977380774
"Venezuela, RB",VEN,1991,2.381688971,33.18540514,20304896,17190937,84.664,2.831532065
"Venezuela, RB",VEN,1992,2.317456619,32.8778023,20780948,17666300,85.012,2.727654361
"Venezuela, RB",VEN,1993,2.253297321,32.595702,21254520,18141158,85.352,2.652440952
"Venezuela, RB",VEN,1994,2.19027461,32.33998251,21725188,18615445,85.686,2.580833302
"Venezuela, RB",VEN,1995,2.134159206,32.1072248,22193821,19089793,86.014,2.516218181
"Venezuela, RB",VEN,1996,2.088058246,31.89440014,22662113,19565562,86.336,2.461718571
"Venezuela, RB",VEN,1997,2.050882344,31.69642419,23131685,20043605,86.65,2.413917024
"Venezuela, RB",VEN,1998,2.010004027,31.51607894,23601337,20523487,86.959,2.365978738
"Venezuela, RB",VEN,1999,1.952133331,31.35778296,24066593,21000990,87.262,2.299964183
"Venezuela, RB",VEN,2000,1.893794996,31.2219887,24526708,21475340,87.559,2.233572064
"Venezuela, RB",VEN,2001,1.830973595,31.1079314,24979922,21944861,87.85,2.1627689
"Venezuela, RB",VEN,2002,1.80801767,30.90875016,25435671,22351850,87.876,1.837610258
"Venezuela, RB",VEN,2003,1.780863266,30.6736226,25892703,22760204,87.902,1.810448063
"Venezuela, RB",VEN,2004,1.715931898,30.4622427,26340838,23160972,87.928,1.745504842
"Venezuela, RB",VEN,2005,1.675153514,30.26553543,26785804,23559186,87.954,1.704718737
"Venezuela, RB",VEN,2006,1.625208955,30.08725243,27224686,23952279,87.98,1.65476678
"Venezuela, RB",VEN,2007,1.547855449,29.93489579,27649363,24333098,88.006,1.577400529
"Venezuela, RB",VEN,2008,1.451769827,29.81406799,28053696,24695949,88.031,1.480174089
"Venezuela, RB",VEN,2009,1.361636986,29.72133916,28438298,25041912,88.057,1.391167906
"Venezuela, RB",VEN,2010,1.309342169,29.64650698,28813101,25379444,88.083,1.338865389
"Venezuela, RB",VEN,2011,1.283196309,29.58127904,29185212,25714507,88.108,1.311575232
"Venezuela, RB",VEN,2012,1.25510683,29.53581374,29553826,26043718,88.123,1.272128013
"Venezuela, RB",VEN,2013,1.205314613,29.5087576,29912198,26362517,88.133,1.216660317
"Venezuela, RB",VEN,2014,1.136466129,29.50401167,30254079,26667155,88.144,1.148946768
"Venezuela, RB",VEN,2015,1.051804041,29.52577114,30573972,26952179,88.154,1.063148918
"Venezuela, RB",VEN,2016,0.625202437,29.67586652,30765720,27124597,88.165,0.637680709
"Venezuela, RB",VEN,2017,-0.653495207,30.21116773,30565323,26953419,88.183,-0.633080074
"Venezuela, RB",VEN,2018,-2.51030049,31.33414803,29807592,26292681,88.208,-2.481954239
"Venezuela, RB",VEN,2019,-2.960412931,32.59082542,28938098,25534978,88.24,-2.924141294
"Venezuela, RB",VEN,2020,-1.721904777,33.48594507,28444077,25110147,88.279,-1.677717114
"Venezuela, RB",VEN,2021,-0.727752243,34.06989972,28237826,24941060,88.325,-0.675658604
"Venezuela, RB",VEN,2022,-0.087895947,34.44893185,28213017,24934100,88.378,-0.027909685
"Venezuela, RB",VEN,2023,0.310851369,34.69984687,28300854,25028709,88.438,0.37871815
